transaction_id,account,cusip,security_name,asset_type,transaction_type,currency,pay_date,quantity_face,cash_amount,source
TXN000001,ACCT0009,91282CJL6,US Treasury Note 4.25%,Fixed Income,Sale,USD,2026-07-23,250000,219013.17,CUSTODIAN
TXN000002,ACCT0052,037833100,Apple Inc,Equity,Purchase,USD,2026-08-04,2500,3255.53,CUSTODIAN
TXN000003,ACCT0065,3133EPH56,Federal Home Loan Bank Note,Fixed Income,Purchase,USD,2026-08-05,50000,47272.34,CUSTODIAN
TXN000004,ACCT0089,3622A2LQ8,GNMA Pool,MBS,Maturity,USD,2026-07-11,100000,56656.73,CUSTODIAN
TXN000005,ACCT0036,91282CJL6,US Treasury Note 4.25%,Fixed Income,Principal Paydown,GBP,2026-08-01,250000,193433.33,CUSTODIAN
TXN000006,ACCT0050,3140QY4L2,FNMA Pool,MBS,Dividend,USD,2026-08-05,250000,4933.85,CUSTODIAN
TXN000007,ACCT0097,91282CJL6,US Treasury Note 4.25%,Fixed Income,Sale,USD,2026-07-18,250000,190041.97,CUSTODIAN
TXN000008,ACCT0013,459200101,IBM Corp,Equity,Maturity,USD,2026-07-21,500,222.44,CUSTODIAN
TXN000009,ACCT0017,3130AW2V1,Federal Home Loan Mortgage Corp,Fixed Income,Interest,USD,2026-07-31,100000,49172.28,CUSTODIAN
TXN000010,ACCT0090,594918104,Microsoft Corp,Equity,Interest,USD,2026-08-07,2500,37.63,CUSTODIAN
TXN000011,ACCT0001,3130AW2V1,Federal Home Loan Mortgage Corp,Fixed Income,Purchase,USD,2026-08-06,10000,3305.07,CUSTODIAN
TXN000012,ACCT0046,594918104,Microsoft Corp,Equity,Purchase,USD,2026-07-26,2500,2116.96,CUSTODIAN
TXN000013,ACCT0086,91282CJL6,US Treasury Note 4.25%,Fixed Income,Interest,USD,2026-07-06,25000,497.54,CUSTODIAN
TXN000014,ACCT0056,3622A2LQ8,GNMA Pool,MBS,Purchase,USD,2026-07-05,250000,141385.96,CUSTODIAN
TXN000015,ACCT0100,3622A2LQ8,GNMA Pool,MBS,Interest,USD,2026-07-20,50000,2126.2,CUSTODIAN
TXN000016,ACCT0044,594918104,Microsoft Corp,Equity,Sale,USD,2026-07-13,5000,1504.39,CUSTODIAN
TXN000018,ACCT0070,594918104,Microsoft Corp,Equity,Maturity,USD,2026-07-05,105,73.74,CUSTODIAN
TXN000019,ACCT0045,3140QY4L2,FNMA Pool,MBS,Dividend,USD,2026-07-25,100000,2846.02,CUSTODIAN
TXN000020,ACCT0096,3133EPH56,Federal Home Loan Bank Note,Fixed Income,Principal Paydown,USD,2026-08-01,250000,92581.31,CUSTODIAN
TXN000021,ACCT0070,91282CJL6,US Treasury Note 4.25%,Fixed Income,Maturity,USD,2026-07-23,1000000,926935.14,CUSTODIAN
TXN000022,ACCT0028,594918104,Microsoft Corp,Equity,Dividend,USD,2026-08-03,2375,47.69,CUSTODIAN
TXN000023,ACCT0081,3140QY4L2,FNMA Pool,MBS,Dividend,USD,2026-07-21,10000,136.26,CUSTODIAN
TXN000024,ACCT0072,3622A2LQ8,GNMA Pool,MBS,Interest,USD,2026-07-23,500000,329023.47,CUSTODIAN
TXN000026,ACCT0033,91282CJL6,US Treasury Note 4.25%,Fixed Income,Sale,USD,2026-07-09,9500,5048.83,CUSTODIAN
TXN000027,ACCT0059,037833100,Apple Inc,Equity,Interest,USD,2026-08-16,1000,37.15,CUSTODIAN
TXN000028,ACCT0042,3622A2LQ8,GNMA Pool,MBS,Purchase,USD,2026-07-02,50000,48890.66,CUSTODIAN
TXN000029,ACCT0094,3140QY4L2,FNMA Pool,MBS,Interest,USD,2026-07-20,9500,206.47,CUSTODIAN
TXN000030,ACCT0055,3622A2LQ8,GNMA Pool,MBS,Maturity,USD,2026-07-13,500000,169768.62,CUSTODIAN
TXN000031,ACCT0090,3622A2LQ8,GNMA Pool,MBS,Principal Paydown,USD,2026-07-01,10000,8431.65,CUSTODIAN
TXN000032,ACCT0012,3130AW2V1,Federal Home Loan Mortgage Corp,Fixed Income,Interest,USD,2026-07-05,50000,37748.72,CUSTODIAN
TXN000033,ACCT0011,3130AW2V1,Federal Home Loan Mortgage Corp,Fixed Income,Sale,EUR,2026-07-15,500000,392366.57,CUSTODIAN
TXN000035,ACCT0064,3140QY4L2,FNMA Pool,MBS,Sale,USD,2026-07-15,900000,972051.58,CUSTODIAN
TXN000036,ACCT0005,3130AW2V1,Federal Home Loan Mortgage Corp,Fixed Income,Dividend,USD,2026-07-24,25000,206.38,CUSTODIAN
TXN000038,ACCT0042,3140QY4L2,FNMA Pool,MBS,Interest,USD,2026-08-04,10000,5742.35,CUSTODIAN
TXN000040,ACCT0037,91282CJL6,US Treasury Note 4.25%,Fixed Income,Interest,USD,2026-08-07,10000,88.12,CUSTODIAN
TXN000041,ACCT0098,3622A2LQ8,GNMA Pool,MBS,Interest,USD,2026-07-15,25000,788.53,CUSTODIAN
TXN000042,ACCT0002,3140QY4L2,FNMA Pool,MBS,Interest,USD,2026-07-01,1000000,7009.24,CUSTODIAN
TXN000043,ACCT0042,037833100,Apple Inc,Equity,Principal Paydown,USD,2026-08-01,5000,3092.88,CUSTODIAN
TXN000045,ACCT0051,91282CJL6,US Treasury Note 4.25%,Fixed Income,Interest,GBP,2026-07-14,1000000,424471.78,CUSTODIAN
TXN000046,ACCT0060,037833100,Apple Inc,Equity,Purchase,USD,2026-08-11,4500,136.53,CUSTODIAN
TXN000047,ACCT0097,3622A2LQ8,GNMA Pool,MBS,Dividend,USD,2026-07-03,10000,179.26,CUSTODIAN
TXN000048,ACCT0085,3133EPH56,Federal Home Loan Bank Note,Fixed Income,Dividend,USD,2026-08-06,500000,17160.51,CUSTODIAN
TXN000049,ACCT0024,91282CJL6,US Treasury Note 4.25%,Fixed Income,Principal Paydown,USD,2026-07-21,450000,406579.9,CUSTODIAN
TXN000050,ACCT0042,594918104,Microsoft Corp,Equity,Purchase,USD,2026-07-14,5000,3079.82,CUSTODIAN
TXN000051,ACCT0046,459200101,IBM Corp,Equity,Maturity,USD,2026-07-15,1000,885.11,CUSTODIAN
TXN000053,ACCT0083,91282CJL6,US Treasury Note 4.25%,Fixed Income,Maturity,USD,2026-07-09,225000,37701.09,CUSTODIAN
TXN000054,ACCT0016,459200101,IBM Corp,Equity,Interest,USD,2026-07-26,5000,189.1,CUSTODIAN
TXN000055,ACCT0043,3622A2LQ8,GNMA Pool,MBS,Interest,USD,2026-07-03,250000,1007.13,CUSTODIAN
TXN000056,ACCT0051,3622A2LQ8,GNMA Pool,MBS,Interest,USD,2026-08-14,50000,14657.18,CUSTODIAN
TXN000057,ACCT0025,594918104,Microsoft Corp,Equity,Interest,USD,2026-07-11,100,0.99,CUSTODIAN
TXN000058,ACCT0053,459200101,IBM Corp,Equity,Maturity,USD,2026-08-11,100,538.23,CUSTODIAN
TXN000059,ACCT0084,91282CJL6,US Treasury Note 4.25%,Fixed Income,Dividend,EUR,2026-07-03,10000,57.66,CUSTODIAN
TXN000061,ACCT0097,037833100,Apple Inc,Equity,Sale,USD,2026-07-25,2500,1313.7,CUSTODIAN
TXN000062,ACCT0007,594918104,Microsoft Corp,Equity,Sale,USD,2026-07-29,2500,683.15,CUSTODIAN
TXN000063,ACCT0037,3133EPH56,Federal Home Loan Bank Note,Fixed Income,Interest,USD,2026-07-23,50000,1298.27,CUSTODIAN
TXN000064,ACCT0080,3140QY4L2,FNMA Pool,MBS,Maturity,EUR,2026-07-31,23750,7605.51,CUSTODIAN
TXN000065,ACCT0049,459200101,IBM Corp,Equity,Dividend,USD,2026-07-15,2500,85.61,CUSTODIAN
TXN000066,ACCT0018,037833100,Apple Inc,Equity,Purchase,USD,2026-07-29,2500,5738.36,CUSTODIAN
TXN000067,ACCT0096,037833100,Apple Inc,Equity,Purchase,USD,2026-08-08,1000,5136.48,CUSTODIAN
TXN000068,ACCT0094,3622A2LQ8,GNMA Pool,MBS,Purchase,USD,2026-07-24,500000,44507.05,CUSTODIAN
TXN000069,ACCT0080,459200101,IBM Corp,Equity,Dividend,EUR,2026-08-16,2500,79.35,CUSTODIAN
TXN000070,ACCT0053,91282CJL6,US Treasury Note 4.25%,Fixed Income,Principal Paydown,USD,2026-07-27,500000,49380.04,CUSTODIAN
TXN000071,ACCT0053,3622A2LQ8,GNMA Pool,MBS,Interest,USD,2026-07-31,95000,1970.74,CUSTODIAN
TXN000072,ACCT0094,459200101,IBM Corp,Equity,Sale,USD,2026-07-07,500,306.19,CUSTODIAN
TXN000074,ACCT0028,037833100,Apple Inc,Equity,Maturity,USD,2026-07-29,5000,3891.29,CUSTODIAN
TXN000075,ACCT0009,3622A2LQ8,GNMA Pool,MBS,Principal Paydown,USD,2026-07-09,50000,7622.17,CUSTODIAN
TXN000076,ACCT0095,459200101,IBM Corp,Equity,Interest,USD,2026-08-02,100,50.84,CUSTODIAN
TXN000077,ACCT0001,459200101,IBM Corp,Equity,Interest,GBP,2026-07-17,100,110.7,CUSTODIAN
TXN000079,ACCT0083,91282CJL6,US Treasury Note 4.25%,Fixed Income,Interest,USD,2026-08-02,250000,6066.02,CUSTODIAN
TXN000080,ACCT0092,459200101,IBM Corp,Equity,Maturity,USD,2026-07-26,500,154.68,CUSTODIAN
TXN000081,ACCT0078,3622A2LQ8,GNMA Pool,MBS,Interest,USD,2026-08-14,50000,639.43,CUSTODIAN
TXN000082,ACCT0063,594918104,Microsoft Corp,Equity,Purchase,EUR,2026-07-30,100,66.38,CUSTODIAN
TXN000083,ACCT0078,91282CJL6,US Treasury Note 4.25%,Fixed Income,Dividend,USD,2026-08-08,10000,74.35,CUSTODIAN
TXN000084,ACCT0016,91282CJL6,US Treasury Note 4.25%,Fixed Income,Dividend,USD,2026-07-30,50000,110.32,CUSTODIAN
TXN000085,ACCT0006,91282CJL6,US Treasury Note 4.25%,Fixed Income,Dividend,USD,2026-07-12,500000,17138.77,CUSTODIAN
TXN000086,ACCT0005,459200101,IBM Corp,Equity,Dividend,USD,2026-07-21,2500,84.61,CUSTODIAN
TXN000087,ACCT0009,91282CJL6,US Treasury Note 4.25%,Fixed Income,Interest,USD,2026-07-23,250000,6485.11,CUSTODIAN
TXN000088,ACCT0010,594918104,Microsoft Corp,Equity,Sale,GBP,2026-07-09,100,27.76,CUSTODIAN
TXN000089,ACCT0001,037833100,Apple Inc,Equity,Sale,EUR,2026-07-03,1000,629.4,CUSTODIAN
TXN000090,ACCT0010,91282CJL6,US Treasury Note 4.25%,Fixed Income,Maturity,USD,2026-07-17,250000,44561.04,CUSTODIAN
TXN000091,ACCT0088,3140QY4L2,FNMA Pool,MBS,Dividend,USD,2026-07-21,250000,6545.88,CUSTODIAN
TXN000092,ACCT0058,3622A2LQ8,GNMA Pool,MBS,Principal Paydown,USD,2026-07-19,1000000,308766.8,CUSTODIAN
TXN000093,ACCT0047,3130AW2V1,Federal Home Loan Mortgage Corp,Fixed Income,Purchase,USD,2026-08-12,100000,15311.09,CUSTODIAN
TXN000094,ACCT0028,3622A2LQ8,GNMA Pool,MBS,Dividend,USD,2026-08-12,100000,709.56,CUSTODIAN
TXN000095,ACCT0098,3622A2LQ8,GNMA Pool,MBS,Maturity,USD,2026-07-28,500000,324026.22,CUSTODIAN
TXN000096,ACCT0004,3140QY4L2,FNMA Pool,MBS,Dividend,USD,2026-08-11,25000,351.19,CUSTODIAN
TXN000097,ACCT0036,3140QY4L2,FNMA Pool,MBS,Maturity,USD,2026-07-11,25000,14619.05,CUSTODIAN
TXN000098,ACCT0032,3622A2LQ8,GNMA Pool,MBS,Purchase,USD,2026-07-28,250000,166544.21,CUSTODIAN
TXN000099,ACCT0053,3130AW2V1,Federal Home Loan Mortgage Corp,Fixed Income,Purchase,USD,2026-07-20,25000,15982.02,CUSTODIAN
TXN000100,ACCT0093,3130AW2V1,Federal Home Loan Mortgage Corp,Fixed Income,Sale,USD,2026-07-06,500000,452179.07,CUSTODIAN
TXN000101,ACCT0084,037833100,Apple Inc,Equity,Purchase,USD,2026-07-24,2500,805.28,CUSTODIAN
TXN000102,ACCT0008,91282CJL6,US Treasury Note 4.25%,Fixed Income,Interest,USD,2026-07-04,10000,41.12,CUSTODIAN
TXN000103,ACCT0075,3130AW2V1,Federal Home Loan Mortgage Corp,Fixed Income,Maturity,USD,2026-07-03,25000,8038.59,CUSTODIAN
TXN000104,ACCT0071,3140QY4L2,FNMA Pool,MBS,Sale,USD,2026-08-08,250000,95240.57,CUSTODIAN
TXN000105,ACCT0096,3133EPH56,Federal Home Loan Bank Note,Fixed Income,Sale,GBP,2026-07-23,10000,3734.88,CUSTODIAN
TXN000106,ACCT0015,3140QY4L2,FNMA Pool,MBS,Sale,USD,2026-07-14,50000,35102.15,CUSTODIAN
TXN000107,ACCT0047,037833100,Apple Inc,Equity,Dividend,USD,2026-07-01,500,10.98,CUSTODIAN
TXN000108,ACCT0056,3133EPH56,Federal Home Loan Bank Note,Fixed Income,Maturity,USD,2026-08-13,500000,504468.7,CUSTODIAN
TXN000109,ACCT0009,594918104,Microsoft Corp,Equity,Dividend,USD,2026-07-15,100,1.69,CUSTODIAN
TXN000110,ACCT0031,91282CJL6,US Treasury Note 4.25%,Fixed Income,Maturity,EUR,2026-07-22,100000,15538.51,CUSTODIAN
TXN000111,ACCT0050,3133EPH56,Federal Home Loan Bank Note,Fixed Income,Dividend,USD,2026-07-09,10000,130.98,CUSTODIAN
TXN000112,ACCT0085,037833100,Apple Inc,Equity,Maturity,USD,2026-08-07,100,25.01,CUSTODIAN
TXN000113,ACCT0062,3622A2LQ8,GNMA Pool,MBS,Purchase,USD,2026-07-31,50000,38931.76,CUSTODIAN
TXN000114,ACCT0085,91282CJL6,US Treasury Note 4.25%,Fixed Income,Sale,USD,2026-08-11,100000,34654.87,CUSTODIAN
TXN000115,ACCT0044,3622A2LQ8,GNMA Pool,MBS,Sale,USD,2026-08-08,250000,128969.43,CUSTODIAN
TXN000116,ACCT0052,459200101,IBM Corp,Equity,Interest,USD,2026-07-16,500,11.1,CUSTODIAN
TXN000117,ACCT0034,91282CJL6,US Treasury Note 4.25%,Fixed Income,Dividend,USD,2026-07-01,1000000,8745.25,CUSTODIAN
TXN000118,ACCT0015,3130AW2V1,Federal Home Loan Mortgage Corp,Fixed Income,Interest,USD,2026-08-11,250000,3421.58,CUSTODIAN
TXN000119,ACCT0064,3622A2LQ8,GNMA Pool,MBS,Maturity,GBP,2026-07-24,25000,17942.2,CUSTODIAN
TXN000120,ACCT0091,594918104,Microsoft Corp,Equity,Purchase,USD,2026-07-30,500,388.57,CUSTODIAN
TXN000121,ACCT0051,3130AW2V1,Federal Home Loan Mortgage Corp,Fixed Income,Dividend,USD,2026-08-05,250000,1583.99,CUSTODIAN
TXN000122,ACCT0011,037833100,Apple Inc,Equity,Purchase,USD,2026-07-30,5000,4946.36,CUSTODIAN
TXN000123,ACCT0001,459200101,IBM Corp,Equity,Sale,USD,2026-08-03,5000,1773.65,CUSTODIAN
TXN000124,ACCT0099,91282CJL6,US Treasury Note 4.25%,Fixed Income,Purchase,USD,2026-08-09,500000,250257.17,CUSTODIAN
TXN000125,ACCT0023,3130AW2V1,Federal Home Loan Mortgage Corp,Fixed Income,Dividend,USD,2026-07-19,25000,130.58,CUSTODIAN
TXN000126,ACCT0004,3622A2LQ8,GNMA Pool,MBS,Principal Paydown,USD,2026-07-11,1000000,839389.59,CUSTODIAN
TXN000127,ACCT0078,459200101,IBM Corp,Equity,Interest,USD,2026-07-30,100,2.91,CUSTODIAN
TXN000128,ACCT0024,037833100,Apple Inc,Equity,Sale,USD,2026-08-10,2500,129.61,CUSTODIAN
TXN000129,ACCT0054,3133EPH56,Federal Home Loan Bank Note,Fixed Income,Dividend,USD,2026-07-01,100000,2773.69,CUSTODIAN
TXN000130,ACCT0024,91282CJL6,US Treasury Note 4.25%,Fixed Income,Sale,USD,2026-07-12,1000000,685701.84,CUSTODIAN
TXN000131,ACCT0071,3622A2LQ8,GNMA Pool,MBS,Maturity,USD,2026-08-08,500000,153162.32,CUSTODIAN
TXN000132,ACCT0009,3622A2LQ8,GNMA Pool,MBS,Interest,USD,2026-07-31,25000,228.21,CUSTODIAN
TXN000133,ACCT0064,3140QY4L2,FNMA Pool,MBS,Sale,USD,2026-08-06,50000,50936.04,CUSTODIAN
TXN000134,ACCT0100,3130AW2V1,Federal Home Loan Mortgage Corp,Fixed Income,Purchase,USD,2026-07-09,10000,5872.2,CUSTODIAN
TXN000135,ACCT0050,037833100,Apple Inc,Equity,Purchase,USD,2026-07-10,500,466.89,CUSTODIAN
TXN000136,ACCT0056,91282CJL6,US Treasury Note 4.25%,Fixed Income,Maturity,USD,2026-07-04,10000,2076.15,CUSTODIAN
TXN000137,ACCT0096,91282CJL6,US Treasury Note 4.25%,Fixed Income,Dividend,USD,2026-08-09,250000,4493.63,CUSTODIAN
TXN000138,ACCT0039,3622A2LQ8,GNMA Pool,MBS,Purchase,USD,2026-07-13,1000000,915142.74,CUSTODIAN
TXN000139,ACCT0060,3133EPH56,Federal Home Loan Bank Note,Fixed Income,Dividend,USD,2026-07-10,1000000,30208.08,CUSTODIAN
TXN000140,ACCT0018,91282CJL6,US Treasury Note 4.25%,Fixed Income,Principal Paydown,USD,2026-07-11,500000,165148.6,CUSTODIAN
TXN000141,ACCT0079,3133EPH56,Federal Home Loan Bank Note,Fixed Income,Interest,USD,2026-07-27,25000,802.38,CUSTODIAN
TXN000142,ACCT0082,594918104,Microsoft Corp,Equity,Maturity,EUR,2026-07-12,5000,3443.7,CUSTODIAN
TXN000143,ACCT0032,3130AW2V1,Federal Home Loan Mortgage Corp,Fixed Income,Sale,USD,2026-07-09,100000,57428.98,CUSTODIAN
TXN000144,ACCT0044,91282CJL6,US Treasury Note 4.25%,Fixed Income,Principal Paydown,USD,2026-08-12,1000000,523961.24,CUSTODIAN
TXN000145,ACCT0007,459200101,IBM Corp,Equity,Dividend,USD,2026-07-26,100,1.14,CUSTODIAN
TXN000146,ACCT0086,3130AW2V1,Federal Home Loan Mortgage Corp,Fixed Income,Purchase,USD,2026-07-15,500000,26938.89,CUSTODIAN
TXN000147,ACCT0021,91282CJL6,US Treasury Note 4.25%,Fixed Income,Sale,USD,2026-07-21,10000,7127.57,CUSTODIAN
TXN000148,ACCT0029,3140QY4L2,FNMA Pool,MBS,Maturity,USD,2026-07-19,25000,92.27,CUSTODIAN
TXN000149,ACCT0034,91282CJL6,US Treasury Note 4.25%,Fixed Income,Interest,USD,2026-07-02,10000,206.01,CUSTODIAN
TXN000150,ACCT0023,3622A2LQ8,GNMA Pool,MBS,Sale,USD,2026-08-07,100000,26703.48,CUSTODIAN
TXN000151,ACCT0034,3130AW2V1,Federal Home Loan Mortgage Corp,Fixed Income,Dividend,EUR,2026-08-03,100000,1067.36,CUSTODIAN
TXN000152,ACCT0061,3140QY4L2,FNMA Pool,MBS,Interest,USD,2026-07-21,100000,771.73,CUSTODIAN
TXN000153,ACCT0004,91282CJL6,US Treasury Note 4.25%,Fixed Income,Interest,USD,2026-08-06,1000000,9156.24,CUSTODIAN
TXN000154,ACCT0060,037833100,Apple Inc,Equity,Purchase,USD,2026-07-11,250,145.36,CUSTODIAN
TXN000155,ACCT0090,3140QY4L2,FNMA Pool,MBS,Interest,USD,2026-08-08,25000,204.61,CUSTODIAN
TXN000156,ACCT0097,594918104,Microsoft Corp,Equity,Principal Paydown,GBP,2026-08-11,250,116.16,CUSTODIAN
TXN000157,ACCT0080,3622A2LQ8,GNMA Pool,MBS,Interest,USD,2026-07-25,50000,704.96,CUSTODIAN
TXN000158,ACCT0083,3130AW2V1,Federal Home Loan Mortgage Corp,Fixed Income,Principal Paydown,USD,2026-07-19,100000,32535.31,CUSTODIAN
TXN000159,ACCT0017,91282CJL6,US Treasury Note 4.25%,Fixed Income,Sale,USD,2026-08-01,50000,1068.84,CUSTODIAN
TXN000160,ACCT0090,594918104,Microsoft Corp,Equity,Sale,USD,2026-07-06,2500,812.15,CUSTODIAN
TXN000161,ACCT0080,3133EPH56,Federal Home Loan Bank Note,Fixed Income,Interest,GBP,2026-07-07,500000,4285.93,CUSTODIAN
TXN000162,ACCT0100,3622A2LQ8,GNMA Pool,MBS,Principal Paydown,USD,2026-07-25,10000,188.78,CUSTODIAN
TXN000163,ACCT0017,3140QY4L2,FNMA Pool,MBS,Interest,USD,2026-08-10,250000,5593.9,CUSTODIAN
TXN000164,ACCT0030,3622A2LQ8,GNMA Pool,MBS,Sale,USD,2026-07-06,10000,6072.7,CUSTODIAN
TXN000165,ACCT0088,459200101,IBM Corp,Equity,Dividend,USD,2026-08-08,100,1.08,CUSTODIAN
TXN000166,ACCT0076,3622A2LQ8,GNMA Pool,MBS,Purchase,USD,2026-07-25,25000,10132.44,CUSTODIAN
TXN000167,ACCT0015,037833100,Apple Inc,Equity,Sale,USD,2026-08-04,250,250.78,CUSTODIAN
TXN000168,ACCT0041,3140QY4L2,FNMA Pool,MBS,Dividend,USD,2026-07-20,10000,217.69,CUSTODIAN
TXN000169,ACCT0097,594918104,Microsoft Corp,Equity,Dividend,USD,2026-07-17,500,3.84,CUSTODIAN
TXN000170,ACCT0022,037833100,Apple Inc,Equity,Principal Paydown,USD,2026-07-11,5000,4655.05,CUSTODIAN
TXN000171,ACCT0052,459200101,IBM Corp,Equity,Sale,USD,2026-07-19,5000,1939.38,CUSTODIAN
TXN000172,ACCT0011,037833100,Apple Inc,Equity,Sale,EUR,2026-07-20,2500,1455.48,CUSTODIAN
TXN000173,ACCT0075,037833100,Apple Inc,Equity,Dividend,USD,2026-07-20,2500,24.42,CUSTODIAN
TXN000174,ACCT0063,3133EPH56,Federal Home Loan Bank Note,Fixed Income,Dividend,USD,2026-07-17,1000000,35727.7,CUSTODIAN
TXN000175,ACCT0041,3140QY4L2,FNMA Pool,MBS,Maturity,USD,2026-07-18,250000,148361.8,CUSTODIAN
TXN000176,ACCT0037,3622A2LQ8,GNMA Pool,MBS,Dividend,USD,2026-07-22,100000,1633.38,CUSTODIAN
TXN000177,ACCT0034,3140QY4L2,FNMA Pool,MBS,Principal Paydown,GBP,2026-07-03,25000,17472.1,CUSTODIAN
TXN000178,ACCT0089,037833100,Apple Inc,Equity,Principal Paydown,USD,2026-07-27,100,76.91,CUSTODIAN
TXN000179,ACCT0006,3140QY4L2,FNMA Pool,MBS,Principal Paydown,USD,2026-07-09,1000000,533408.52,CUSTODIAN
TXN000180,ACCT0066,3140QY4L2,FNMA Pool,MBS,Interest,USD,2026-07-12,10000,384.55,CUSTODIAN
TXN000181,ACCT0088,459200101,IBM Corp,Equity,Interest,EUR,2026-07-14,250,7.77,CUSTODIAN
TXN000182,ACCT0042,91282CJL6,US Treasury Note 4.25%,Fixed Income,Dividend,USD,2026-08-14,250000,1182.31,CUSTODIAN
TXN000183,ACCT0085,3133EPH56,Federal Home Loan Bank Note,Fixed Income,Principal Paydown,USD,2026-08-06,100000,10072.35,CUSTODIAN
TXN000184,ACCT0046,3140QY4L2,FNMA Pool,MBS,Purchase,USD,2026-07-08,100000,25981.41,CUSTODIAN
TXN000185,ACCT0030,3133EPH56,Federal Home Loan Bank Note,Fixed Income,Maturity,USD,2026-08-03,250000,187590.44,CUSTODIAN
TXN000186,ACCT0021,594918104,Microsoft Corp,Equity,Maturity,EUR,2026-07-02,2500,1970.64,CUSTODIAN
TXN000187,ACCT0018,3140QY4L2,FNMA Pool,MBS,Interest,USD,2026-08-10,25000,301.31,CUSTODIAN
TXN000188,ACCT0088,594918104,Microsoft Corp,Equity,Purchase,USD,2026-07-21,100,25.17,CUSTODIAN
TXN000189,ACCT0072,037833100,Apple Inc,Equity,Purchase,USD,2026-07-16,2500,1356.01,CUSTODIAN
TXN000190,ACCT0089,3133EPH56,Federal Home Loan Bank Note,Fixed Income,Principal Paydown,USD,2026-07-04,25000,23973.48,CUSTODIAN
TXN000191,ACCT0040,3130AW2V1,Federal Home Loan Mortgage Corp,Fixed Income,Purchase,USD,2026-07-23,25000,13532.03,CUSTODIAN
TXN000192,ACCT0096,3622A2LQ8,GNMA Pool,MBS,Maturity,USD,2026-07-09,10000,1299.26,CUSTODIAN
TXN000193,ACCT0026,594918104,Microsoft Corp,Equity,Dividend,USD,2026-07-08,100,0.99,CUSTODIAN
TXN000194,ACCT0008,3140QY4L2,FNMA Pool,MBS,Interest,USD,2026-08-11,25000,627.72,CUSTODIAN
TXN000195,ACCT0099,3140QY4L2,FNMA Pool,MBS,Purchase,USD,2026-08-07,100000,19260.92,CUSTODIAN
TXN000196,ACCT0093,594918104,Microsoft Corp,Equity,Sale,USD,2026-08-07,500,78.81,CUSTODIAN
TXN000197,ACCT0006,3622A2LQ8,GNMA Pool,MBS,Interest,USD,2026-07-16,1000000,25662.93,CUSTODIAN
TXN000198,ACCT0029,594918104,Microsoft Corp,Equity,Sale,USD,2026-08-11,250,111.97,CUSTODIAN
TXN000199,ACCT0040,037833100,Apple Inc,Equity,Purchase,USD,2026-07-13,250,16.3,CUSTODIAN
TXN000200,ACCT0040,3140QY4L2,FNMA Pool,MBS,Maturity,EUR,2026-07-23,25000,16141.6,CUSTODIAN
TXN000201,ACCT0066,037833100,Apple Inc,Equity,Principal Paydown,USD,2026-07-14,2500,1178.5,CUSTODIAN
TXN000202,ACCT0056,91282CJL6,US Treasury Note 4.25%,Fixed Income,Maturity,USD,2026-08-12,250000,87720.62,CUSTODIAN
TXN000203,ACCT0090,3133EPH56,Federal Home Loan Bank Note,Fixed Income,Dividend,USD,2026-07-14,500000,9543.02,CUSTODIAN
TXN000204,ACCT0037,3130AW2V1,Federal Home Loan Mortgage Corp,Fixed Income,Dividend,USD,2026-07-24,100000,1349.43,CUSTODIAN
TXN000205,ACCT0015,459200101,IBM Corp,Equity,Sale,USD,2026-07-19,500,286.97,CUSTODIAN
TXN000206,ACCT0041,037833100,Apple Inc,Equity,Sale,USD,2026-07-19,250,165.18,CUSTODIAN
TXN000207,ACCT0010,3130AW2V1,Federal Home Loan Mortgage Corp,Fixed Income,Maturity,USD,2026-08-07,100000,13007.15,CUSTODIAN
TXN000208,ACCT0089,3133EPH56,Federal Home Loan Bank Note,Fixed Income,Purchase,USD,2026-07-30,500000,11061.12,CUSTODIAN
TXN000209,ACCT0067,3130AW2V1,Federal Home Loan Mortgage Corp,Fixed Income,Interest,USD,2026-08-11,500000,5686.93,CUSTODIAN
TXN000210,ACCT0068,594918104,Microsoft Corp,Equity,Principal Paydown,EUR,2026-07-13,100,29.06,CUSTODIAN
TXN000211,ACCT0096,037833100,Apple Inc,Equity,Principal Paydown,USD,2026-08-04,1000,716.02,CUSTODIAN
TXN000212,ACCT0098,037833100,Apple Inc,Equity,Principal Paydown,USD,2026-08-02,1000,328.26,CUSTODIAN
TXN000213,ACCT0071,3140QY4L2,FNMA Pool,MBS,Sale,USD,2026-07-02,100000,40926.26,CUSTODIAN
TXN000214,ACCT0033,459200101,IBM Corp,Equity,Maturity,USD,2026-08-12,250,217.84,CUSTODIAN
TXN000215,ACCT0034,3130AW2V1,Federal Home Loan Mortgage Corp,Fixed Income,Sale,USD,2026-08-06,100000,64558.21,CUSTODIAN
TXN000216,ACCT0003,3140QY4L2,FNMA Pool,MBS,Dividend,USD,2026-08-11,1000000,39171.77,CUSTODIAN
TXN000217,ACCT0070,037833100,Apple Inc,Equity,Principal Paydown,USD,2026-07-22,100,46.67,CUSTODIAN
TXN000218,ACCT0059,3133EPH56,Federal Home Loan Bank Note,Fixed Income,Purchase,USD,2026-07-21,50000,13222.45,CUSTODIAN
TXN000219,ACCT0058,3130AW2V1,Federal Home Loan Mortgage Corp,Fixed Income,Principal Paydown,USD,2026-08-06,250000,219515.04,CUSTODIAN
TXN000220,ACCT0014,3133EPH56,Federal Home Loan Bank Note,Fixed Income,Interest,USD,2026-07-11,50000,1694.43,CUSTODIAN
TXN000221,ACCT0095,3622A2LQ8,GNMA Pool,MBS,Interest,USD,2026-07-18,10000,93.18,CUSTODIAN
TXN000222,ACCT0099,3133EPH56,Federal Home Loan Bank Note,Fixed Income,Maturity,USD,2026-07-14,250000,237923.25,CUSTODIAN
TXN000223,ACCT0067,459200101,IBM Corp,Equity,Interest,USD,2026-07-11,2500,89.06,CUSTODIAN
TXN000224,ACCT0056,037833100,Apple Inc,Equity,Sale,USD,2026-07-23,250,108.28,CUSTODIAN
TXN000225,ACCT0003,3130AW2V1,Federal Home Loan Mortgage Corp,Fixed Income,Sale,USD,2026-07-30,500000,505949.38,CUSTODIAN
TXN000226,ACCT0030,459200101,IBM Corp,Equity,Interest,USD,2026-08-02,2500,35.24,CUSTODIAN
TXN000227,ACCT0036,3140QY4L2,FNMA Pool,MBS,Principal Paydown,USD,2026-08-04,10000,6863.65,CUSTODIAN
TXN000228,ACCT0033,037833100,Apple Inc,Equity,Sale,USD,2026-07-18,2500,1065.41,CUSTODIAN
TXN000229,ACCT0015,037833100,Apple Inc,Equity,Sale,USD,2026-07-13,500,455.55,CUSTODIAN
TXN000230,ACCT0006,459200101,IBM Corp,Equity,Interest,USD,2026-07-23,100,0.46,CUSTODIAN
TXN000231,ACCT0034,91282CJL6,US Treasury Note 4.25%,Fixed Income,Maturity,USD,2026-08-04,500000,18732.72,CUSTODIAN
TXN000232,ACCT0027,037833100,Apple Inc,Equity,Maturity,USD,2026-07-07,100,87.83,CUSTODIAN
TXN000233,ACCT0055,594918104,Microsoft Corp,Equity,Maturity,USD,2026-07-05,100,40.36,CUSTODIAN
TXN000234,ACCT0072,037833100,Apple Inc,Equity,Principal Paydown,USD,2026-07-23,250,191.44,CUSTODIAN
TXN000235,ACCT0076,3140QY4L2,FNMA Pool,MBS,Maturity,USD,2026-07-30,25000,5353.25,CUSTODIAN
TXN000236,ACCT0040,594918104,Microsoft Corp,Equity,Interest,GBP,2026-07-03,250,8.32,CUSTODIAN
TXN000237,ACCT0088,594918104,Microsoft Corp,Equity,Interest,GBP,2026-07-09,1000,16.93,CUSTODIAN
TXN000238,ACCT0029,459200101,IBM Corp,Equity,Dividend,USD,2026-08-12,250,6.73,CUSTODIAN
TXN000239,ACCT0038,91282CJL6,US Treasury Note 4.25%,Fixed Income,Purchase,USD,2026-07-25,500000,422730.38,CUSTODIAN
TXN000240,ACCT0062,037833100,Apple Inc,Equity,Purchase,USD,2026-07-28,5000,2484.72,CUSTODIAN
TXN000241,ACCT0057,3130AW2V1,Federal Home Loan Mortgage Corp,Fixed Income,Principal Paydown,USD,2026-07-16,500000,421745.25,CUSTODIAN
TXN000242,ACCT0057,594918104,Microsoft Corp,Equity,Principal Paydown,USD,2026-07-21,1000,322.42,CUSTODIAN
TXN000243,ACCT0065,594918104,Microsoft Corp,Equity,Interest,USD,2026-08-04,100,3.6,CUSTODIAN
TXN000244,ACCT0006,594918104,Microsoft Corp,Equity,Dividend,USD,2026-07-22,500,18.78,CUSTODIAN
TXN000245,ACCT0003,3140QY4L2,FNMA Pool,MBS,Purchase,USD,2026-07-09,100000,69375.85,CUSTODIAN
TXN000246,ACCT0018,3133EPH56,Federal Home Loan Bank Note,Fixed Income,Maturity,USD,2026-07-24,25000,10808.58,CUSTODIAN
TXN000247,ACCT0036,037833100,Apple Inc,Equity,Dividend,USD,2026-07-24,250,1.03,CUSTODIAN
TXN000248,ACCT0093,459200101,IBM Corp,Equity,Purchase,USD,2026-07-02,250,226.59,CUSTODIAN
TXN000249,ACCT0086,594918104,Microsoft Corp,Equity,Interest,USD,2026-07-09,100,0.66,CUSTODIAN
TXN000250,ACCT0045,91282CJL6,US Treasury Note 4.25%,Fixed Income,Sale,USD,2026-07-24,250000,254154.35,CUSTODIAN
TXN000251,ACCT0081,91282CJL6,US Treasury Note 4.25%,Fixed Income,Interest,USD,2026-08-11,50000,1196.04,CUSTODIAN
TXN000252,ACCT0039,594918104,Microsoft Corp,Equity,Dividend,USD,2026-08-13,500,19.45,CUSTODIAN
TXN000253,ACCT0020,594918104,Microsoft Corp,Equity,Purchase,USD,2026-07-10,100,32.89,CUSTODIAN
TXN000254,ACCT0044,594918104,Microsoft Corp,Equity,Dividend,USD,2026-07-20,1000,17.53,CUSTODIAN
TXN000255,ACCT0028,3140QY4L2,FNMA Pool,MBS,Dividend,USD,2026-08-11,500000,7255.99,CUSTODIAN
TXN000256,ACCT0056,3140QY4L2,FNMA Pool,MBS,Maturity,USD,2026-07-16,100000,67261.1,CUSTODIAN
TXN000257,ACCT0017,459200101,IBM Corp,Equity,Maturity,USD,2026-07-14,500,49.17,CUSTODIAN
TXN000258,ACCT0076,459200101,IBM Corp,Equity,Maturity,USD,2026-08-04,250,143.7,CUSTODIAN
TXN000259,ACCT0011,3622A2LQ8,GNMA Pool,MBS,Sale,USD,2026-08-11,1000000,610147.63,CUSTODIAN
TXN000260,ACCT0093,037833100,Apple Inc,Equity,Purchase,USD,2026-07-18,5000,4712.65,CUSTODIAN
TXN000261,ACCT0057,3622A2LQ8,GNMA Pool,MBS,Purchase,USD,2026-08-11,10000,6946.66,CUSTODIAN
TXN000262,ACCT0021,3130AW2V1,Federal Home Loan Mortgage Corp,Fixed Income,Sale,USD,2026-08-08,25000,12683.82,CUSTODIAN
TXN000263,ACCT0088,3140QY4L2,FNMA Pool,MBS,Purchase,USD,2026-08-09,500000,169334.48,CUSTODIAN
TXN000264,ACCT0078,594918104,Microsoft Corp,Equity,Purchase,USD,2026-07-20,250,41.37,CUSTODIAN
TXN000265,ACCT0080,3133EPH56,Federal Home Loan Bank Note,Fixed Income,Purchase,USD,2026-08-13,25000,24573.11,CUSTODIAN
TXN000266,ACCT0039,594918104,Microsoft Corp,Equity,Dividend,USD,2026-08-09,5000,29.21,CUSTODIAN
TXN000267,ACCT0092,594918104,Microsoft Corp,Equity,Principal Paydown,USD,2026-08-14,1000,620.14,CUSTODIAN
TXN000268,ACCT0084,3140QY4L2,FNMA Pool,MBS,Interest,USD,2026-07-10,50000,1610.03,CUSTODIAN
TXN000269,ACCT0053,037833100,Apple Inc,Equity,Principal Paydown,USD,2026-08-12,5000,132.01,CUSTODIAN
TXN000270,ACCT0012,3140QY4L2,FNMA Pool,MBS,Sale,USD,2026-07-08,250000,170590.17,CUSTODIAN
TXN000271,ACCT0022,3140QY4L2,FNMA Pool,MBS,Interest,USD,2026-08-11,10000,218.46,CUSTODIAN
TXN000272,ACCT0052,3622A2LQ8,GNMA Pool,MBS,Principal Paydown,USD,2026-07-16,100000,10055.27,CUSTODIAN
TXN000273,ACCT0059,459200101,IBM Corp,Equity,Principal Paydown,USD,2026-08-13,500,42.09,CUSTODIAN
TXN000274,ACCT0021,037833100,Apple Inc,Equity,Dividend,GBP,2026-07-20,500,1.68,CUSTODIAN
TXN000275,ACCT0071,3622A2LQ8,GNMA Pool,MBS,Maturity,USD,2026-07-10,1000000,43126.41,CUSTODIAN
TXN000276,ACCT0092,3622A2LQ8,GNMA Pool,MBS,Dividend,USD,2026-07-03,50000,1691.2,CUSTODIAN
TXN000277,ACCT0092,91282CJL6,US Treasury Note 4.25%,Fixed Income,Interest,USD,2026-07-04,500000,11163.06,CUSTODIAN
TXN000278,ACCT0097,037833100,Apple Inc,Equity,Maturity,USD,2026-07-08,500,33.13,CUSTODIAN
TXN000279,ACCT0010,594918104,Microsoft Corp,Equity,Principal Paydown,USD,2026-07-09,250,245.93,CUSTODIAN
TXN000280,ACCT0062,3133EPH56,Federal Home Loan Bank Note,Fixed Income,Sale,EUR,2026-08-07,100000,99546.37,CUSTODIAN
TXN000281,ACCT0039,594918104,Microsoft Corp,Equity,Purchase,EUR,2026-08-05,5000,2787.49,CUSTODIAN
TXN000282,ACCT0049,3622A2LQ8,GNMA Pool,MBS,Principal Paydown,USD,2026-08-04,1000000,719525.41,CUSTODIAN
TXN000283,ACCT0009,594918104,Microsoft Corp,Equity,Maturity,USD,2026-07-06,500,200.28,CUSTODIAN
TXN000284,ACCT0084,3622A2LQ8,GNMA Pool,MBS,Sale,USD,2026-07-21,500000,474718.4,CUSTODIAN
TXN000285,ACCT0098,3622A2LQ8,GNMA Pool,MBS,Principal Paydown,USD,2026-07-13,25000,5288.11,CUSTODIAN
TXN000286,ACCT0005,3140QY4L2,FNMA Pool,MBS,Purchase,USD,2026-08-12,250000,249195.55,CUSTODIAN
TXN000287,ACCT0020,3133EPH56,Federal Home Loan Bank Note,Fixed Income,Maturity,USD,2026-07-07,25000,1661.71,CUSTODIAN
TXN000288,ACCT0051,3130AW2V1,Federal Home Loan Mortgage Corp,Fixed Income,Dividend,USD,2026-07-25,25000,241.77,CUSTODIAN
TXN000289,ACCT0012,594918104,Microsoft Corp,Equity,Purchase,USD,2026-08-12,1000,356.16,CUSTODIAN
TXN000290,ACCT0038,91282CJL6,US Treasury Note 4.25%,Fixed Income,Maturity,USD,2026-08-08,100000,96471.61,CUSTODIAN
TXN000291,ACCT0019,91282CJL6,US Treasury Note 4.25%,Fixed Income,Purchase,USD,2026-07-09,50000,16425.37,CUSTODIAN
TXN000292,ACCT0072,037833100,Apple Inc,Equity,Interest,USD,2026-07-11,2500,21.04,CUSTODIAN
TXN000293,ACCT0004,459200101,IBM Corp,Equity,Sale,USD,2026-07-23,1000,530.9,CUSTODIAN
TXN000294,ACCT0048,3622A2LQ8,GNMA Pool,MBS,Principal Paydown,USD,2026-07-24,1000000,497033.66,CUSTODIAN
TXN000295,ACCT0006,459200101,IBM Corp,Equity,Interest,GBP,2026-07-28,1000,26.23,CUSTODIAN
TXN000296,ACCT0072,91282CJL6,US Treasury Note 4.25%,Fixed Income,Maturity,USD,2026-08-10,100000,48612.13,CUSTODIAN
TXN000297,ACCT0043,91282CJL6,US Treasury Note 4.25%,Fixed Income,Sale,USD,2026-08-10,250000,199457.17,CUSTODIAN
TXN000298,ACCT0078,3133EPH56,Federal Home Loan Bank Note,Fixed Income,Dividend,GBP,2026-07-29,500000,13588.06,CUSTODIAN
TXN000299,ACCT0037,037833100,Apple Inc,Equity,Sale,USD,2026-07-20,1000,828.74,CUSTODIAN
TXN000300,ACCT0075,3622A2LQ8,GNMA Pool,MBS,Maturity,USD,2026-07-27,100000,22137.41,CUSTODIAN
TXN000301,ACCT0023,3140QY4L2,FNMA Pool,MBS,Principal Paydown,USD,2026-07-29,50000,38136.03,CUSTODIAN
TXN000302,ACCT0029,459200101,IBM Corp,Equity,Purchase,USD,2026-08-13,100,15.92,CUSTODIAN
TXN000303,ACCT0077,3133EPH56,Federal Home Loan Bank Note,Fixed Income,Principal Paydown,USD,2026-08-02,100000,90071.64,CUSTODIAN
TXN000304,ACCT0015,594918104,Microsoft Corp,Equity,Principal Paydown,USD,2026-08-06,500,244.51,CUSTODIAN
TXN000305,ACCT0083,3133EPH56,Federal Home Loan Bank Note,Fixed Income,Principal Paydown,USD,2026-07-06,50000,28107.2,CUSTODIAN
TXN000306,ACCT0011,037833100,Apple Inc,Equity,Maturity,USD,2026-08-05,250,190.86,CUSTODIAN
TXN000307,ACCT0019,594918104,Microsoft Corp,Equity,Maturity,USD,2026-07-11,250,92.33,CUSTODIAN
TXN000308,ACCT0076,3133EPH56,Federal Home Loan Bank Note,Fixed Income,Maturity,USD,2026-08-10,50000,12363.19,CUSTODIAN
TXN000309,ACCT0071,3133EPH56,Federal Home Loan Bank Note,Fixed Income,Principal Paydown,USD,2026-07-06,50000,22436.02,CUSTODIAN
TXN000310,ACCT0050,3130AW2V1,Federal Home Loan Mortgage Corp,Fixed Income,Dividend,USD,2026-07-17,25000,933.5,CUSTODIAN
TXN000311,ACCT0084,91282CJL6,US Treasury Note 4.25%,Fixed Income,Dividend,USD,2026-08-14,250000,8952.9,CUSTODIAN
TXN000312,ACCT0059,459200101,IBM Corp,Equity,Maturity,USD,2026-07-04,2500,45.23,CUSTODIAN
TXN000313,ACCT0056,3140QY4L2,FNMA Pool,MBS,Maturity,USD,2026-08-04,50000,29019.72,CUSTODIAN
TXN000314,ACCT0100,459200101,IBM Corp,Equity,Interest,USD,2026-08-04,250,8.55,CUSTODIAN
TXN000315,ACCT0083,91282CJL6,US Treasury Note 4.25%,Fixed Income,Dividend,EUR,2026-07-15,25000,304.68,CUSTODIAN
TXN000316,ACCT0030,3622A2LQ8,GNMA Pool,MBS,Maturity,USD,2026-07-28,50000,28451.39,CUSTODIAN
TXN000317,ACCT0077,3133EPH56,Federal Home Loan Bank Note,Fixed Income,Principal Paydown,USD,2026-07-03,500000,484190.4,CUSTODIAN
TXN000318,ACCT0082,3140QY4L2,FNMA Pool,MBS,Interest,USD,2026-07-11,250000,2166.89,CUSTODIAN
TXN000319,ACCT0024,459200101,IBM Corp,Equity,Dividend,USD,2026-07-19,100,3.3,CUSTODIAN
TXN000320,ACCT0070,3130AW2V1,Federal Home Loan Mortgage Corp,Fixed Income,Dividend,USD,2026-07-12,100000,1843.56,CUSTODIAN
TXN000321,ACCT0084,3130AW2V1,Federal Home Loan Mortgage Corp,Fixed Income,Purchase,USD,2026-08-03,500000,193563.87,CUSTODIAN
TXN000322,ACCT0021,037833100,Apple Inc,Equity,Interest,USD,2026-07-10,1000,3.47,CUSTODIAN
TXN000323,ACCT0075,037833100,Apple Inc,Equity,Sale,USD,2026-07-16,100,40.43,CUSTODIAN
TXN000324,ACCT0044,3133EPH56,Federal Home Loan Bank Note,Fixed Income,Principal Paydown,USD,2026-07-09,25000,10485.74,CUSTODIAN
TXN000325,ACCT0099,3140QY4L2,FNMA Pool,MBS,Purchase,USD,2026-07-07,250000,176207.3,CUSTODIAN
TXN000326,ACCT0073,037833100,Apple Inc,Equity,Maturity,USD,2026-08-14,5000,1261.51,CUSTODIAN
TXN000327,ACCT0047,459200101,IBM Corp,Equity,Interest,USD,2026-07-19,500,4.52,CUSTODIAN
TXN000328,ACCT0064,3133EPH56,Federal Home Loan Bank Note,Fixed Income,Sale,USD,2026-08-10,25000,20479.24,CUSTODIAN
TXN000329,ACCT0041,3130AW2V1,Federal Home Loan Mortgage Corp,Fixed Income,Interest,USD,2026-07-24,25000,946.61,CUSTODIAN
TXN000330,ACCT0079,3140QY4L2,FNMA Pool,MBS,Dividend,USD,2026-07-18,250000,2038.44,CUSTODIAN
TXN000331,ACCT0008,037833100,Apple Inc,Equity,Interest,USD,2026-08-11,500,17.12,CUSTODIAN
TXN000332,ACCT0076,3133EPH56,Federal Home Loan Bank Note,Fixed Income,Dividend,USD,2026-07-25,1000000,25518.82,CUSTODIAN
TXN000333,ACCT0098,91282CJL6,US Treasury Note 4.25%,Fixed Income,Sale,USD,2026-08-12,25000,18587.14,CUSTODIAN
TXN000334,ACCT0083,3140QY4L2,FNMA Pool,MBS,Principal Paydown,USD,2026-07-03,100000,76017.68,CUSTODIAN
TXN000335,ACCT0031,3622A2LQ8,GNMA Pool,MBS,Principal Paydown,USD,2026-07-06,50000,12231.43,CUSTODIAN
TXN000336,ACCT0079,3622A2LQ8,GNMA Pool,MBS,Purchase,EUR,2026-08-07,250000,101053.42,CUSTODIAN
TXN000337,ACCT0053,594918104,Microsoft Corp,Equity,Principal Paydown,USD,2026-07-12,2500,1730.44,CUSTODIAN
TXN000338,ACCT0082,3130AW2V1,Federal Home Loan Mortgage Corp,Fixed Income,Sale,GBP,2026-08-13,100000,73682.94,CUSTODIAN
TXN000339,ACCT0008,459200101,IBM Corp,Equity,Maturity,USD,2026-07-29,500,242.23,CUSTODIAN
TXN000340,ACCT0052,459200101,IBM Corp,Equity,Purchase,USD,2026-08-09,1000,291.16,CUSTODIAN
TXN000341,ACCT0025,594918104,Microsoft Corp,Equity,Purchase,USD,2026-08-09,500,154.37,CUSTODIAN
TXN000342,ACCT0095,594918104,Microsoft Corp,Equity,Principal Paydown,USD,2026-07-30,250,211.63,CUSTODIAN
TXN000343,ACCT0006,91282CJL6,US Treasury Note 4.25%,Fixed Income,Dividend,USD,2026-07-22,250000,5208.25,CUSTODIAN
TXN000344,ACCT0006,594918104,Microsoft Corp,Equity,Dividend,USD,2026-08-09,100,3.79,CUSTODIAN
TXN000345,ACCT0074,3622A2LQ8,GNMA Pool,MBS,Principal Paydown,USD,2026-08-08,100000,76149.72,CUSTODIAN
TXN000346,ACCT0080,459200101,IBM Corp,Equity,Purchase,USD,2026-08-05,500,126.06,CUSTODIAN
TXN000347,ACCT0064,3133EPH56,Federal Home Loan Bank Note,Fixed Income,Maturity,USD,2026-07-05,1000000,724797.18,CUSTODIAN
TXN000348,ACCT0065,459200101,IBM Corp,Equity,Purchase,USD,2026-07-03,500,229.81,CUSTODIAN
TXN000349,ACCT0013,91282CJL6,US Treasury Note 4.25%,Fixed Income,Dividend,GBP,2026-08-06,500000,11993.58,CUSTODIAN
TXN000350,ACCT0034,3133EPH56,Federal Home Loan Bank Note,Fixed Income,Principal Paydown,USD,2026-08-07,1000000,940491.66,CUSTODIAN
TXN000351,ACCT0039,3130AW2V1,Federal Home Loan Mortgage Corp,Fixed Income,Principal Paydown,GBP,2026-07-05,10000,1242.73,CUSTODIAN
TXN000352,ACCT0059,91282CJL6,US Treasury Note 4.25%,Fixed Income,Interest,USD,2026-08-03,10000,334.36,CUSTODIAN
TXN000353,ACCT0044,91282CJL6,US Treasury Note 4.25%,Fixed Income,Purchase,USD,2026-08-09,50000,32598.0,CUSTODIAN
TXN000354,ACCT0047,3622A2LQ8,GNMA Pool,MBS,Maturity,USD,2026-07-08,100000,35429.3,CUSTODIAN
TXN000355,ACCT0076,3140QY4L2,FNMA Pool,MBS,Sale,USD,2026-07-12,500000,79147.56,CUSTODIAN
TXN000356,ACCT0086,3133EPH56,Federal Home Loan Bank Note,Fixed Income,Sale,USD,2026-07-30,50000,35019.94,CUSTODIAN
TXN000357,ACCT0069,459200101,IBM Corp,Equity,Sale,EUR,2026-07-21,250,55.63,CUSTODIAN
TXN000358,ACCT0034,91282CJL6,US Treasury Note 4.25%,Fixed Income,Principal Paydown,USD,2026-07-26,1000000,297051.13,CUSTODIAN
TXN000359,ACCT0014,3622A2LQ8,GNMA Pool,MBS,Maturity,USD,2026-08-11,250000,159192.55,CUSTODIAN
TXN000360,ACCT0076,3622A2LQ8,GNMA Pool,MBS,Sale,USD,2026-07-31,100000,7740.38,CUSTODIAN
TXN000361,ACCT0045,3140QY4L2,FNMA Pool,MBS,Maturity,USD,2026-07-15,10000,2283.71,CUSTODIAN
TXN000362,ACCT0077,594918104,Microsoft Corp,Equity,Principal Paydown,USD,2026-07-02,2500,1394.06,CUSTODIAN
TXN000363,ACCT0093,3622A2LQ8,GNMA Pool,MBS,Maturity,USD,2026-07-28,10000,9466.74,CUSTODIAN
TXN000364,ACCT0008,3140QY4L2,FNMA Pool,MBS,Purchase,USD,2026-07-06,250000,188197.6,CUSTODIAN
TXN000365,ACCT0047,037833100,Apple Inc,Equity,Maturity,GBP,2026-07-26,5000,2521.95,CUSTODIAN
TXN000366,ACCT0015,3622A2LQ8,GNMA Pool,MBS,Maturity,USD,2026-07-09,250000,55705.15,CUSTODIAN
TXN000367,ACCT0074,91282CJL6,US Treasury Note 4.25%,Fixed Income,Purchase,USD,2026-07-25,100000,78508.89,CUSTODIAN
TXN000368,ACCT0097,3133EPH56,Federal Home Loan Bank Note,Fixed Income,Purchase,USD,2026-07-07,1000000,960015.66,CUSTODIAN
TXN000369,ACCT0042,3133EPH56,Federal Home Loan Bank Note,Fixed Income,Principal Paydown,USD,2026-07-14,50000,32755.47,CUSTODIAN
TXN000370,ACCT0016,3133EPH56,Federal Home Loan Bank Note,Fixed Income,Principal Paydown,USD,2026-08-10,25000,12780.34,CUSTODIAN
TXN000371,ACCT0035,594918104,Microsoft Corp,Equity,Maturity,USD,2026-07-11,2500,735.14,CUSTODIAN
TXN000372,ACCT0100,3130AW2V1,Federal Home Loan Mortgage Corp,Fixed Income,Purchase,USD,2026-07-01,250000,253351.48,CUSTODIAN
TXN000373,ACCT0033,3130AW2V1,Federal Home Loan Mortgage Corp,Fixed Income,Purchase,USD,2026-08-08,500000,475863.13,CUSTODIAN
TXN000374,ACCT0044,3133EPH56,Federal Home Loan Bank Note,Fixed Income,Sale,GBP,2026-08-12,500000,155329.86,CUSTODIAN
TXN000375,ACCT0004,3140QY4L2,FNMA Pool,MBS,Dividend,USD,2026-08-10,1000000,12226.96,CUSTODIAN
TXN000376,ACCT0041,3130AW2V1,Federal Home Loan Mortgage Corp,Fixed Income,Interest,USD,2026-07-19,100000,2619.35,CUSTODIAN
TXN000377,ACCT0019,594918104,Microsoft Corp,Equity,Maturity,USD,2026-07-20,250,32.88,CUSTODIAN
TXN000378,ACCT0056,459200101,IBM Corp,Equity,Maturity,USD,2026-08-14,250,193.75,CUSTODIAN
TXN000379,ACCT0028,459200101,IBM Corp,Equity,Principal Paydown,USD,2026-08-10,250,167.42,CUSTODIAN
TXN000380,ACCT0011,91282CJL6,US Treasury Note 4.25%,Fixed Income,Interest,USD,2026-07-27,1000000,34254.1,CUSTODIAN
TXN000381,ACCT0008,3133EPH56,Federal Home Loan Bank Note,Fixed Income,Principal Paydown,USD,2026-07-18,100000,45282.28,CUSTODIAN
TXN000382,ACCT0055,037833100,Apple Inc,Equity,Dividend,USD,2026-07-16,100,3.63,CUSTODIAN
TXN000383,ACCT0060,459200101,IBM Corp,Equity,Principal Paydown,GBP,2026-07-09,1000,739.86,CUSTODIAN
TXN000384,ACCT0036,594918104,Microsoft Corp,Equity,Maturity,USD,2026-08-04,250,121.96,CUSTODIAN
TXN000385,ACCT0044,037833100,Apple Inc,Equity,Interest,USD,2026-07-15,500,1.35,CUSTODIAN
TXN000386,ACCT0023,3133EPH56,Federal Home Loan Bank Note,Fixed Income,Purchase,USD,2026-08-04,250000,206777.27,CUSTODIAN
TXN000387,ACCT0087,037833100,Apple Inc,Equity,Dividend,USD,2026-07-28,1000,3.62,CUSTODIAN
TXN000388,ACCT0093,3133EPH56,Federal Home Loan Bank Note,Fixed Income,Interest,USD,2026-07-26,50000,1666.39,CUSTODIAN
TXN000389,ACCT0051,3622A2LQ8,GNMA Pool,MBS,Dividend,USD,2026-07-01,100000,3817.33,CUSTODIAN
TXN000390,ACCT0098,91282CJL6,US Treasury Note 4.25%,Fixed Income,Sale,USD,2026-07-11,1000000,924208.46,CUSTODIAN
TXN000391,ACCT0042,594918104,Microsoft Corp,Equity,Interest,USD,2026-07-22,5000,126.8,CUSTODIAN
TXN000392,ACCT0019,3622A2LQ8,GNMA Pool,MBS,Interest,USD,2026-08-03,250000,7432.92,CUSTODIAN
TXN000393,ACCT0014,594918104,Microsoft Corp,Equity,Sale,USD,2026-07-15,1000,988.91,CUSTODIAN
TXN000394,ACCT0053,037833100,Apple Inc,Equity,Dividend,USD,2026-07-10,500,18.91,CUSTODIAN
TXN000395,ACCT0059,037833100,Apple Inc,Equity,Dividend,EUR,2026-07-18,1000,11.18,CUSTODIAN
TXN000396,ACCT0016,3622A2LQ8,GNMA Pool,MBS,Interest,USD,2026-07-25,25000,987.95,CUSTODIAN
TXN000397,ACCT0048,037833100,Apple Inc,Equity,Sale,USD,2026-07-19,500,37.26,CUSTODIAN
TXN000398,ACCT0074,3133EPH56,Federal Home Loan Bank Note,Fixed Income,Principal Paydown,USD,2026-07-16,100000,86292.2,CUSTODIAN
TXN000399,ACCT0012,3622A2LQ8,GNMA Pool,MBS,Interest,EUR,2026-07-09,100000,2673.02,CUSTODIAN
TXN000400,ACCT0069,037833100,Apple Inc,Equity,Maturity,USD,2026-07-09,100,15.74,CUSTODIAN
TXN000401,ACCT0070,3622A2LQ8,GNMA Pool,MBS,Principal Paydown,USD,2026-07-07,100000,45101.68,CUSTODIAN
TXN000402,ACCT0062,3140QY4L2,FNMA Pool,MBS,Principal Paydown,USD,2026-07-31,25000,865.51,CUSTODIAN
TXN000403,ACCT0046,3130AW2V1,Federal Home Loan Mortgage Corp,Fixed Income,Purchase,USD,2026-07-05,500000,8012.67,CUSTODIAN
TXN000404,ACCT0038,3133EPH56,Federal Home Loan Bank Note,Fixed Income,Principal Paydown,USD,2026-07-01,50000,41344.4,CUSTODIAN
TXN000405,ACCT0076,3133EPH56,Federal Home Loan Bank Note,Fixed Income,Purchase,USD,2026-07-01,25000,13160.14,CUSTODIAN
TXN000406,ACCT0095,3130AW2V1,Federal Home Loan Mortgage Corp,Fixed Income,Sale,USD,2026-08-07,10000,7989.11,CUSTODIAN
TXN000407,ACCT0079,459200101,IBM Corp,Equity,Purchase,USD,2026-08-04,2500,729.84,CUSTODIAN
TXN000408,ACCT0096,3130AW2V1,Federal Home Loan Mortgage Corp,Fixed Income,Dividend,USD,2026-08-14,1000000,18907.63,CUSTODIAN
TXN000409,ACCT0002,3622A2LQ8,GNMA Pool,MBS,Sale,USD,2026-07-09,50000,50371.26,CUSTODIAN
TXN000410,ACCT0030,91282CJL6,US Treasury Note 4.25%,Fixed Income,Dividend,USD,2026-07-15,100000,3916.57,CUSTODIAN
TXN000411,ACCT0027,3140QY4L2,FNMA Pool,MBS,Principal Paydown,USD,2026-08-14,10000,9644.34,CUSTODIAN
TXN000412,ACCT0099,91282CJL6,US Treasury Note 4.25%,Fixed Income,Interest,USD,2026-07-20,100000,2109.17,CUSTODIAN
TXN000413,ACCT0042,459200101,IBM Corp,Equity,Dividend,USD,2026-08-08,2500,31.55,CUSTODIAN
TXN000414,ACCT0071,594918104,Microsoft Corp,Equity,Principal Paydown,USD,2026-08-13,5000,959.2,CUSTODIAN
TXN000415,ACCT0069,3130AW2V1,Federal Home Loan Mortgage Corp,Fixed Income,Maturity,USD,2026-08-02,50000,10289.34,CUSTODIAN
TXN000416,ACCT0041,3622A2LQ8,GNMA Pool,MBS,Sale,USD,2026-07-12,50000,18180.59,CUSTODIAN
TXN000417,ACCT0086,3130AW2V1,Federal Home Loan Mortgage Corp,Fixed Income,Maturity,USD,2026-07-05,100000,36980.23,CUSTODIAN
TXN000418,ACCT0075,3130AW2V1,Federal Home Loan Mortgage Corp,Fixed Income,Principal Paydown,USD,2026-08-10,10000,3508.18,CUSTODIAN
TXN000419,ACCT0075,91282CJL6,US Treasury Note 4.25%,Fixed Income,Purchase,USD,2026-07-31,10000,2447.59,CUSTODIAN
TXN000420,ACCT0016,3130AW2V1,Federal Home Loan Mortgage Corp,Fixed Income,Sale,USD,2026-08-12,1000000,619449.68,CUSTODIAN
TXN000421,ACCT0012,037833100,Apple Inc,Equity,Sale,USD,2026-07-16,500,83.89,CUSTODIAN
TXN000422,ACCT0002,3622A2LQ8,GNMA Pool,MBS,Sale,EUR,2026-07-16,25000,15653.63,CUSTODIAN
TXN000423,ACCT0076,3622A2LQ8,GNMA Pool,MBS,Principal Paydown,USD,2026-07-02,25000,2804.95,CUSTODIAN
TXN000424,ACCT0020,3133EPH56,Federal Home Loan Bank Note,Fixed Income,Sale,USD,2026-07-13,10000,2863.83,CUSTODIAN
TXN000425,ACCT0033,3140QY4L2,FNMA Pool,MBS,Maturity,USD,2026-07-16,1000000,335826.51,CUSTODIAN
TXN000426,ACCT0100,91282CJL6,US Treasury Note 4.25%,Fixed Income,Principal Paydown,EUR,2026-07-27,25000,19306.73,CUSTODIAN
TXN000427,ACCT0004,91282CJL6,US Treasury Note 4.25%,Fixed Income,Purchase,USD,2026-07-24,500000,161122.02,CUSTODIAN
TXN000428,ACCT0013,594918104,Microsoft Corp,Equity,Sale,USD,2026-08-10,500,222.08,CUSTODIAN
TXN000429,ACCT0093,594918104,Microsoft Corp,Equity,Sale,USD,2026-08-11,100,9.8,CUSTODIAN
TXN000430,ACCT0074,459200101,IBM Corp,Equity,Interest,USD,2026-07-30,250,7.82,CUSTODIAN
TXN000431,ACCT0098,594918104,Microsoft Corp,Equity,Purchase,USD,2026-07-05,500,141.45,CUSTODIAN
TXN000432,ACCT0040,3140QY4L2,FNMA Pool,MBS,Purchase,USD,2026-08-13,100000,27198.73,CUSTODIAN
TXN000433,ACCT0076,91282CJL6,US Treasury Note 4.25%,Fixed Income,Dividend,USD,2026-07-13,25000,454.67,CUSTODIAN
TXN000434,ACCT0016,3130AW2V1,Federal Home Loan Mortgage Corp,Fixed Income,Interest,USD,2026-07-03,50000,1055.09,CUSTODIAN
TXN000435,ACCT0097,3622A2LQ8,GNMA Pool,MBS,Purchase,GBP,2026-07-19,100000,84074.28,CUSTODIAN
TXN000436,ACCT0015,3130AW2V1,Federal Home Loan Mortgage Corp,Fixed Income,Interest,USD,2026-07-08,500000,16924.59,CUSTODIAN
TXN000437,ACCT0032,3622A2LQ8,GNMA Pool,MBS,Principal Paydown,EUR,2026-08-06,25000,14916.93,CUSTODIAN
TXN000438,ACCT0006,3130AW2V1,Federal Home Loan Mortgage Corp,Fixed Income,Dividend,USD,2026-07-12,10000,294.0,CUSTODIAN
TXN000439,ACCT0030,3133EPH56,Federal Home Loan Bank Note,Fixed Income,Sale,USD,2026-07-04,10000,5234.63,CUSTODIAN
TXN000440,ACCT0090,3130AW2V1,Federal Home Loan Mortgage Corp,Fixed Income,Maturity,USD,2026-07-12,10000,9559.18,CUSTODIAN
TXN000441,ACCT0050,3130AW2V1,Federal Home Loan Mortgage Corp,Fixed Income,Principal Paydown,USD,2026-07-27,10000,7329.87,CUSTODIAN
TXN000442,ACCT0046,3140QY4L2,FNMA Pool,MBS,Sale,USD,2026-08-04,10000,10197.61,CUSTODIAN
TXN000443,ACCT0090,3130AW2V1,Federal Home Loan Mortgage Corp,Fixed Income,Maturity,EUR,2026-08-11,500000,45669.53,CUSTODIAN
TXN000444,ACCT0036,91282CJL6,US Treasury Note 4.25%,Fixed Income,Purchase,USD,2026-07-15,1000000,322382.36,CUSTODIAN
TXN000445,ACCT0026,037833100,Apple Inc,Equity,Maturity,USD,2026-08-08,250,229.14,CUSTODIAN
TXN000446,ACCT0059,3622A2LQ8,GNMA Pool,MBS,Interest,USD,2026-07-02,250000,3720.65,CUSTODIAN
TXN000447,ACCT0049,037833100,Apple Inc,Equity,Sale,USD,2026-08-03,5000,4470.2,CUSTODIAN
TXN000448,ACCT0007,3133EPH56,Federal Home Loan Bank Note,Fixed Income,Dividend,USD,2026-08-07,50000,664.05,CUSTODIAN
TXN000449,ACCT0070,3622A2LQ8,GNMA Pool,MBS,Principal Paydown,USD,2026-07-18,250000,50626.2,CUSTODIAN
TXN000450,ACCT0054,3130AW2V1,Federal Home Loan Mortgage Corp,Fixed Income,Principal Paydown,USD,2026-08-01,50000,17680.01,CUSTODIAN
TXN000451,ACCT0030,91282CJL6,US Treasury Note 4.25%,Fixed Income,Maturity,EUR,2026-07-27,50000,49279.71,CUSTODIAN
TXN000452,ACCT0070,3622A2LQ8,GNMA Pool,MBS,Dividend,GBP,2026-08-14,500000,9152.88,CUSTODIAN
TXN000453,ACCT0013,594918104,Microsoft Corp,Equity,Maturity,USD,2026-07-02,100,57.41,CUSTODIAN
TXN000454,ACCT0060,91282CJL6,US Treasury Note 4.25%,Fixed Income,Purchase,USD,2026-08-02,10000,8870.1,CUSTODIAN
TXN000455,ACCT0005,037833100,Apple Inc,Equity,Maturity,USD,2026-08-07,1000,886.7,CUSTODIAN
TXN000456,ACCT0065,91282CJL6,US Treasury Note 4.25%,Fixed Income,Sale,USD,2026-08-03,25000,21945.8,CUSTODIAN
TXN000457,ACCT0031,91282CJL6,US Treasury Note 4.25%,Fixed Income,Principal Paydown,USD,2026-07-16,1000000,718445.69,CUSTODIAN
TXN000458,ACCT0020,3133EPH56,Federal Home Loan Bank Note,Fixed Income,Maturity,USD,2026-07-04,1000000,779966.14,CUSTODIAN
TXN000459,ACCT0061,3133EPH56,Federal Home Loan Bank Note,Fixed Income,Dividend,USD,2026-08-01,25000,342.25,CUSTODIAN
TXN000460,ACCT0073,3130AW2V1,Federal Home Loan Mortgage Corp,Fixed Income,Interest,EUR,2026-08-12,500000,1092.29,CUSTODIAN
TXN000461,ACCT0088,3130AW2V1,Federal Home Loan Mortgage Corp,Fixed Income,Sale,USD,2026-07-22,25000,12419.85,CUSTODIAN
TXN000462,ACCT0060,3140QY4L2,FNMA Pool,MBS,Sale,EUR,2026-07-14,100000,44091.17,CUSTODIAN
TXN000463,ACCT0077,3622A2LQ8,GNMA Pool,MBS,Dividend,USD,2026-07-04,500000,4433.42,CUSTODIAN
TXN000464,ACCT0050,3130AW2V1,Federal Home Loan Mortgage Corp,Fixed Income,Principal Paydown,EUR,2026-08-07,25000,19495.74,CUSTODIAN
TXN000465,ACCT0027,594918104,Microsoft Corp,Equity,Interest,GBP,2026-07-14,100,0.51,CUSTODIAN
TXN000466,ACCT0043,3130AW2V1,Federal Home Loan Mortgage Corp,Fixed Income,Principal Paydown,USD,2026-07-09,10000,5859.66,CUSTODIAN
TXN000467,ACCT0043,3140QY4L2,FNMA Pool,MBS,Interest,USD,2026-08-03,50000,363.3,CUSTODIAN
TXN000468,ACCT0033,3133EPH56,Federal Home Loan Bank Note,Fixed Income,Dividend,USD,2026-07-17,500000,2313.66,CUSTODIAN
TXN000469,ACCT0073,3133EPH56,Federal Home Loan Bank Note,Fixed Income,Purchase,USD,2026-07-01,500000,147622.52,CUSTODIAN
TXN000470,ACCT0006,459200101,IBM Corp,Equity,Dividend,USD,2026-08-09,5000,14.51,CUSTODIAN
TXN000471,ACCT0080,037833100,Apple Inc,Equity,Principal Paydown,USD,2026-07-13,1000,435.92,CUSTODIAN
TXN000472,ACCT0058,91282CJL6,US Treasury Note 4.25%,Fixed Income,Purchase,USD,2026-08-14,1000000,154831.89,CUSTODIAN
TXN000473,ACCT0092,594918104,Microsoft Corp,Equity,Principal Paydown,USD,2026-08-09,100,67.92,CUSTODIAN
TXN000474,ACCT0027,037833100,Apple Inc,Equity,Sale,USD,2026-07-17,100,53.28,CUSTODIAN
TXN000475,ACCT0037,3140QY4L2,FNMA Pool,MBS,Sale,USD,2026-08-08,50000,12868.41,CUSTODIAN
TXN000476,ACCT0085,594918104,Microsoft Corp,Equity,Dividend,USD,2026-08-13,1000,28.37,CUSTODIAN
TXN000477,ACCT0018,3140QY4L2,FNMA Pool,MBS,Interest,USD,2026-07-01,100000,3096.56,CUSTODIAN
TXN000478,ACCT0035,459200101,IBM Corp,Equity,Maturity,USD,2026-07-04,100,60.48,CUSTODIAN
TXN000479,ACCT0098,594918104,Microsoft Corp,Equity,Purchase,USD,2026-07-27,250,252.77,CUSTODIAN
TXN000480,ACCT0060,3130AW2V1,Federal Home Loan Mortgage Corp,Fixed Income,Purchase,USD,2026-07-28,10000,5672.5,CUSTODIAN
TXN000481,ACCT0025,037833100,Apple Inc,Equity,Sale,USD,2026-07-10,5000,4111.38,CUSTODIAN
TXN000482,ACCT0069,037833100,Apple Inc,Equity,Principal Paydown,GBP,2026-07-25,250,237.68,CUSTODIAN
TXN000483,ACCT0035,3140QY4L2,FNMA Pool,MBS,Maturity,USD,2026-07-25,25000,12447.09,CUSTODIAN
TXN000484,ACCT0013,91282CJL6,US Treasury Note 4.25%,Fixed Income,Dividend,USD,2026-08-04,100000,3739.56,CUSTODIAN
TXN000485,ACCT0073,594918104,Microsoft Corp,Equity,Sale,USD,2026-08-11,100,91.85,CUSTODIAN
TXN000486,ACCT0006,91282CJL6,US Treasury Note 4.25%,Fixed Income,Sale,USD,2026-07-29,500000,386490.86,CUSTODIAN
TXN000487,ACCT0006,594918104,Microsoft Corp,Equity,Dividend,USD,2026-07-15,500,19.18,CUSTODIAN
TXN000488,ACCT0100,3622A2LQ8,GNMA Pool,MBS,Maturity,USD,2026-07-18,100000,77173.1,CUSTODIAN
TXN000489,ACCT0084,91282CJL6,US Treasury Note 4.25%,Fixed Income,Principal Paydown,USD,2026-07-25,250000,123010.04,CUSTODIAN
TXN000490,ACCT0059,3622A2LQ8,GNMA Pool,MBS,Maturity,USD,2026-08-04,50000,29773.59,CUSTODIAN
TXN000491,ACCT0080,3622A2LQ8,GNMA Pool,MBS,Sale,USD,2026-07-29,25000,20161.69,CUSTODIAN
TXN000492,ACCT0053,3622A2LQ8,GNMA Pool,MBS,Interest,USD,2026-08-07,250000,3094.99,CUSTODIAN
TXN000493,ACCT0019,3622A2LQ8,GNMA Pool,MBS,Sale,USD,2026-07-05,50000,30246.79,CUSTODIAN
TXN000494,ACCT0034,3133EPH56,Federal Home Loan Bank Note,Fixed Income,Dividend,USD,2026-07-14,500000,12235.89,CUSTODIAN
TXN000495,ACCT0006,594918104,Microsoft Corp,Equity,Dividend,USD,2026-07-15,2500,39.98,CUSTODIAN
TXN000496,ACCT0039,3140QY4L2,FNMA Pool,MBS,Principal Paydown,USD,2026-07-17,25000,24078.46,CUSTODIAN
TXN000497,ACCT0039,3622A2LQ8,GNMA Pool,MBS,Dividend,USD,2026-08-08,10000,329.98,CUSTODIAN
TXN000498,ACCT0096,594918104,Microsoft Corp,Equity,Sale,USD,2026-08-10,100,62.16,CUSTODIAN
TXN000499,ACCT0100,3133EPH56,Federal Home Loan Bank Note,Fixed Income,Interest,USD,2026-08-11,1000000,21841.37,CUSTODIAN
TXN000500,ACCT0004,3622A2LQ8,GNMA Pool,MBS,Sale,USD,2026-07-09,500000,254787.42,CUSTODIAN
TXN000501,ACCT0095,594918104,Microsoft Corp,Equity,Dividend,EUR,2026-07-27,2500,10.07,CUSTODIAN
TXN000502,ACCT0069,91282CJL6,US Treasury Note 4.25%,Fixed Income,Purchase,USD,2026-07-29,500000,236463.43,CUSTODIAN
TXN000503,ACCT0084,3140QY4L2,FNMA Pool,MBS,Principal Paydown,USD,2026-07-15,10000,2389.21,CUSTODIAN
TXN000504,ACCT0036,91282CJL6,US Treasury Note 4.25%,Fixed Income,Principal Paydown,USD,2026-07-25,1000000,221003.58,CUSTODIAN
TXN000505,ACCT0092,3133EPH56,Federal Home Loan Bank Note,Fixed Income,Sale,USD,2026-07-14,50000,31971.51,CUSTODIAN
TXN000506,ACCT0063,459200101,IBM Corp,Equity,Dividend,USD,2026-07-25,5000,129.94,CUSTODIAN
TXN000507,ACCT0091,3622A2LQ8,GNMA Pool,MBS,Sale,USD,2026-07-01,100000,97733.82,CUSTODIAN
TXN000508,ACCT0051,3622A2LQ8,GNMA Pool,MBS,Interest,USD,2026-07-15,50000,1068.5,CUSTODIAN
TXN000509,ACCT0089,3622A2LQ8,GNMA Pool,MBS,Maturity,GBP,2026-07-12,500000,269520.34,CUSTODIAN
TXN000510,ACCT0030,3140QY4L2,FNMA Pool,MBS,Maturity,USD,2026-08-12,25000,8185.49,CUSTODIAN
TXN000511,ACCT0033,3133EPH56,Federal Home Loan Bank Note,Fixed Income,Maturity,USD,2026-07-29,10000,9691.02,CUSTODIAN
TXN000512,ACCT0004,3130AW2V1,Federal Home Loan Mortgage Corp,Fixed Income,Dividend,USD,2026-08-09,10000,196.21,CUSTODIAN
TXN000513,ACCT0068,3622A2LQ8,GNMA Pool,MBS,Sale,USD,2026-08-03,10000,5278.73,CUSTODIAN
TXN000514,ACCT0066,3622A2LQ8,GNMA Pool,MBS,Maturity,GBP,2026-07-21,10000,1037.51,CUSTODIAN
TXN000515,ACCT0038,3140QY4L2,FNMA Pool,MBS,Interest,USD,2026-07-26,250000,8354.36,CUSTODIAN
TXN000516,ACCT0013,3622A2LQ8,GNMA Pool,MBS,Principal Paydown,EUR,2026-08-11,250000,219106.91,CUSTODIAN
TXN000517,ACCT0036,3140QY4L2,FNMA Pool,MBS,Interest,USD,2026-08-07,50000,469.79,CUSTODIAN
TXN000518,ACCT0041,91282CJL6,US Treasury Note 4.25%,Fixed Income,Dividend,USD,2026-07-04,50000,957.07,CUSTODIAN
TXN000519,ACCT0092,037833100,Apple Inc,Equity,Dividend,USD,2026-08-02,1000,13.22,CUSTODIAN
TXN000520,ACCT0044,3130AW2V1,Federal Home Loan Mortgage Corp,Fixed Income,Maturity,USD,2026-08-12,1000000,969776.81,CUSTODIAN
TXN000521,ACCT0004,3140QY4L2,FNMA Pool,MBS,Purchase,USD,2026-07-23,100000,76902.28,CUSTODIAN
TXN000522,ACCT0006,3140QY4L2,FNMA Pool,MBS,Purchase,EUR,2026-07-11,500000,340020.62,CUSTODIAN
TXN000523,ACCT0028,3130AW2V1,Federal Home Loan Mortgage Corp,Fixed Income,Dividend,USD,2026-07-04,500000,15685.01,CUSTODIAN
TXN000524,ACCT0092,3130AW2V1,Federal Home Loan Mortgage Corp,Fixed Income,Principal Paydown,USD,2026-08-08,50000,41994.14,CUSTODIAN
TXN000525,ACCT0015,459200101,IBM Corp,Equity,Dividend,USD,2026-07-11,500,11.85,CUSTODIAN
TXN000526,ACCT0025,3140QY4L2,FNMA Pool,MBS,Maturity,USD,2026-07-31,50000,14787.35,CUSTODIAN
TXN000527,ACCT0070,3622A2LQ8,GNMA Pool,MBS,Maturity,USD,2026-08-09,500000,321747.35,CUSTODIAN
TXN000528,ACCT0083,3622A2LQ8,GNMA Pool,MBS,Principal Paydown,USD,2026-07-12,100000,21504.43,CUSTODIAN
TXN000529,ACCT0087,037833100,Apple Inc,Equity,Sale,USD,2026-07-13,2500,1468.04,CUSTODIAN
TXN000530,ACCT0085,594918104,Microsoft Corp,Equity,Dividend,GBP,2026-07-08,2500,68.14,CUSTODIAN
TXN000531,ACCT0007,3133EPH56,Federal Home Loan Bank Note,Fixed Income,Maturity,EUR,2026-08-06,25000,18999.55,CUSTODIAN
TXN000532,ACCT0011,3140QY4L2,FNMA Pool,MBS,Principal Paydown,USD,2026-07-25,50000,28882.22,CUSTODIAN
TXN000533,ACCT0019,3130AW2V1,Federal Home Loan Mortgage Corp,Fixed Income,Dividend,USD,2026-07-18,250000,2836.82,CUSTODIAN
TXN000534,ACCT0058,3140QY4L2,FNMA Pool,MBS,Maturity,USD,2026-08-03,1000000,73376.49,CUSTODIAN
TXN000535,ACCT0050,3130AW2V1,Federal Home Loan Mortgage Corp,Fixed Income,Purchase,USD,2026-07-21,100000,40782.04,CUSTODIAN
TXN000536,ACCT0082,3140QY4L2,FNMA Pool,MBS,Principal Paydown,USD,2026-08-05,100000,48264.31,CUSTODIAN
TXN000537,ACCT0028,91282CJL6,US Treasury Note 4.25%,Fixed Income,Maturity,USD,2026-08-06,250000,217754.1,CUSTODIAN
TXN000538,ACCT0024,3133EPH56,Federal Home Loan Bank Note,Fixed Income,Purchase,USD,2026-07-17,25000,18861.94,CUSTODIAN
TXN000539,ACCT0039,3133EPH56,Federal Home Loan Bank Note,Fixed Income,Principal Paydown,USD,2026-07-24,100000,96772.21,CUSTODIAN
TXN000540,ACCT0017,3140QY4L2,FNMA Pool,MBS,Principal Paydown,USD,2026-07-09,1000000,892598.16,CUSTODIAN
TXN000541,ACCT0068,3622A2LQ8,GNMA Pool,MBS,Interest,USD,2026-07-18,1000000,28172.58,CUSTODIAN
TXN000542,ACCT0047,3622A2LQ8,GNMA Pool,MBS,Sale,EUR,2026-07-01,500000,362165.23,CUSTODIAN
TXN000543,ACCT0081,3130AW2V1,Federal Home Loan Mortgage Corp,Fixed Income,Principal Paydown,USD,2026-07-08,50000,32818.71,CUSTODIAN
TXN000544,ACCT0097,459200101,IBM Corp,Equity,Principal Paydown,USD,2026-07-07,2500,2195.13,CUSTODIAN
TXN000545,ACCT0056,3133EPH56,Federal Home Loan Bank Note,Fixed Income,Purchase,USD,2026-07-20,1000000,14359.44,CUSTODIAN
TXN000546,ACCT0017,459200101,IBM Corp,Equity,Sale,USD,2026-07-20,500,209.86,CUSTODIAN
TXN000547,ACCT0090,594918104,Microsoft Corp,Equity,Sale,USD,2026-07-24,100,40.25,CUSTODIAN
TXN000548,ACCT0028,037833100,Apple Inc,Equity,Principal Paydown,USD,2026-07-25,1000,342.11,CUSTODIAN
TXN000549,ACCT0058,594918104,Microsoft Corp,Equity,Principal Paydown,USD,2026-07-05,1000,721.42,CUSTODIAN
TXN000550,ACCT0048,3130AW2V1,Federal Home Loan Mortgage Corp,Fixed Income,Dividend,USD,2026-07-08,100000,1570.15,CUSTODIAN
TXN000551,ACCT0095,594918104,Microsoft Corp,Equity,Sale,USD,2026-07-23,2500,88.82,CUSTODIAN
TXN000552,ACCT0089,3133EPH56,Federal Home Loan Bank Note,Fixed Income,Purchase,USD,2026-07-26,500000,42119.75,CUSTODIAN
TXN000553,ACCT0066,459200101,IBM Corp,Equity,Dividend,EUR,2026-07-20,2500,54.88,CUSTODIAN
TXN000554,ACCT0051,3622A2LQ8,GNMA Pool,MBS,Interest,USD,2026-07-15,250000,9475.65,CUSTODIAN
TXN000555,ACCT0080,3140QY4L2,FNMA Pool,MBS,Interest,EUR,2026-07-14,500000,4073.87,CUSTODIAN
TXN000556,ACCT0056,3133EPH56,Federal Home Loan Bank Note,Fixed Income,Interest,USD,2026-08-03,25000,666.17,CUSTODIAN
TXN000557,ACCT0011,3622A2LQ8,GNMA Pool,MBS,Purchase,USD,2026-08-05,10000,1210.52,CUSTODIAN
TXN000558,ACCT0024,3133EPH56,Federal Home Loan Bank Note,Fixed Income,Maturity,USD,2026-07-10,50000,35316.95,CUSTODIAN
TXN000559,ACCT0071,037833100,Apple Inc,Equity,Purchase,USD,2026-07-18,500,426.45,CUSTODIAN
TXN000560,ACCT0058,91282CJL6,US Treasury Note 4.25%,Fixed Income,Principal Paydown,USD,2026-07-04,1000000,863836.98,CUSTODIAN
TXN000561,ACCT0100,594918104,Microsoft Corp,Equity,Maturity,USD,2026-07-16,2500,1965.66,CUSTODIAN
TXN000562,ACCT0064,3622A2LQ8,GNMA Pool,MBS,Interest,USD,2026-07-27,100000,1130.11,CUSTODIAN
TXN000563,ACCT0005,3130AW2V1,Federal Home Loan Mortgage Corp,Fixed Income,Sale,USD,2026-07-01,25000,4268.41,CUSTODIAN
TXN000564,ACCT0048,3133EPH56,Federal Home Loan Bank Note,Fixed Income,Sale,USD,2026-07-02,50000,1540.08,CUSTODIAN
TXN000565,ACCT0093,3622A2LQ8,GNMA Pool,MBS,Sale,USD,2026-07-05,250000,111106.76,CUSTODIAN
TXN000566,ACCT0099,037833100,Apple Inc,Equity,Sale,USD,2026-08-13,100,97.51,CUSTODIAN
TXN000567,ACCT0053,91282CJL6,US Treasury Note 4.25%,Fixed Income,Maturity,USD,2026-07-10,25000,20728.54,CUSTODIAN
TXN000568,ACCT0036,037833100,Apple Inc,Equity,Dividend,USD,2026-07-21,1000,27.99,CUSTODIAN
TXN000569,ACCT0020,037833100,Apple Inc,Equity,Maturity,USD,2026-07-17,1000,48.48,CUSTODIAN
TXN000570,ACCT0038,594918104,Microsoft Corp,Equity,Purchase,USD,2026-07-12,2500,537.99,CUSTODIAN
TXN000571,ACCT0038,3622A2LQ8,GNMA Pool,MBS,Purchase,USD,2026-08-02,10000,7833.23,CUSTODIAN
TXN000572,ACCT0054,3130AW2V1,Federal Home Loan Mortgage Corp,Fixed Income,Maturity,EUR,2026-08-06,50000,16430.6,CUSTODIAN
TXN000573,ACCT0001,594918104,Microsoft Corp,Equity,Maturity,USD,2026-07-20,5000,3816.25,CUSTODIAN
TXN000574,ACCT0011,3140QY4L2,FNMA Pool,MBS,Sale,USD,2026-07-24,100000,32544.13,CUSTODIAN
TXN000575,ACCT0004,594918104,Microsoft Corp,Equity,Interest,USD,2026-07-11,500,18.68,CUSTODIAN
TXN000576,ACCT0012,459200101,IBM Corp,Equity,Maturity,USD,2026-08-11,100,25.6,CUSTODIAN
TXN000577,ACCT0054,91282CJL6,US Treasury Note 4.25%,Fixed Income,Principal Paydown,USD,2026-07-19,25000,13514.05,CUSTODIAN
TXN000578,ACCT0033,91282CJL6,US Treasury Note 4.25%,Fixed Income,Principal Paydown,USD,2026-07-14,10000,5615.68,CUSTODIAN
TXN000579,ACCT0040,3130AW2V1,Federal Home Loan Mortgage Corp,Fixed Income,Principal Paydown,USD,2026-07-02,50000,48015.58,CUSTODIAN
TXN000580,ACCT0062,91282CJL6,US Treasury Note 4.25%,Fixed Income,Principal Paydown,USD,2026-07-26,25000,25023.49,CUSTODIAN
TXN000581,ACCT0087,3622A2LQ8,GNMA Pool,MBS,Dividend,USD,2026-07-04,500000,4876.25,CUSTODIAN
TXN000582,ACCT0100,3622A2LQ8,GNMA Pool,MBS,Interest,USD,2026-07-20,50000,383.53,CUSTODIAN
TXN000583,ACCT0093,037833100,Apple Inc,Equity,Purchase,USD,2026-07-19,5000,303.19,CUSTODIAN
TXN000584,ACCT0016,3622A2LQ8,GNMA Pool,MBS,Sale,USD,2026-07-07,1000000,544988.4,CUSTODIAN
TXN000585,ACCT0088,037833100,Apple Inc,Equity,Principal Paydown,USD,2026-07-11,2500,2179.43,CUSTODIAN
TXN000586,ACCT0017,91282CJL6,US Treasury Note 4.25%,Fixed Income,Sale,USD,2026-08-09,1000000,9617.69,CUSTODIAN
TXN000587,ACCT0048,3622A2LQ8,GNMA Pool,MBS,Interest,USD,2026-07-27,25000,608.74,CUSTODIAN
TXN000588,ACCT0057,3130AW2V1,Federal Home Loan Mortgage Corp,Fixed Income,Purchase,EUR,2026-08-11,250000,53343.66,CUSTODIAN
TXN000589,ACCT0009,459200101,IBM Corp,Equity,Sale,USD,2026-08-02,500,164.69,CUSTODIAN
TXN000590,ACCT0017,037833100,Apple Inc,Equity,Interest,USD,2026-08-14,5000,164.83,CUSTODIAN
TXN000591,ACCT0096,037833100,Apple Inc,Equity,Maturity,USD,2026-07-01,250,203.68,CUSTODIAN
TXN000592,ACCT0052,459200101,IBM Corp,Equity,Interest,USD,2026-08-05,2500,91.77,CUSTODIAN
TXN000593,ACCT0080,037833100,Apple Inc,Equity,Interest,GBP,2026-07-07,100,3.67,CUSTODIAN
TXN000594,ACCT0033,459200101,IBM Corp,Equity,Interest,USD,2026-07-16,1000,22.63,CUSTODIAN
TXN000595,ACCT0020,3133EPH56,Federal Home Loan Bank Note,Fixed Income,Purchase,USD,2026-07-09,1000000,479577.84,CUSTODIAN
TXN000596,ACCT0020,037833100,Apple Inc,Equity,Principal Paydown,USD,2026-07-23,5000,4181.4,CUSTODIAN
TXN000597,ACCT0083,037833100,Apple Inc,Equity,Principal Paydown,USD,2026-08-09,1000,626.65,CUSTODIAN
TXN000598,ACCT0025,3130AW2V1,Federal Home Loan Mortgage Corp,Fixed Income,Sale,USD,2026-08-03,250000,17386.79,CUSTODIAN
TXN000599,ACCT0080,459200101,IBM Corp,Equity,Purchase,USD,2026-07-28,100,62.34,CUSTODIAN
TXN000600,ACCT0005,3133EPH56,Federal Home Loan Bank Note,Fixed Income,Principal Paydown,USD,2026-07-25,1000000,575144.95,CUSTODIAN
TXN000601,ACCT0083,3140QY4L2,FNMA Pool,MBS,Interest,USD,2026-07-28,25000,143.18,CUSTODIAN
TXN000602,ACCT0040,3140QY4L2,FNMA Pool,MBS,Principal Paydown,USD,2026-08-03,25000,2200.04,CUSTODIAN
TXN000603,ACCT0026,594918104,Microsoft Corp,Equity,Purchase,EUR,2026-07-04,250,191.59,CUSTODIAN
TXN000604,ACCT0028,3130AW2V1,Federal Home Loan Mortgage Corp,Fixed Income,Maturity,USD,2026-07-24,500000,356378.83,CUSTODIAN
TXN000605,ACCT0040,594918104,Microsoft Corp,Equity,Dividend,USD,2026-07-18,100,1.09,CUSTODIAN
TXN000606,ACCT0042,3622A2LQ8,GNMA Pool,MBS,Maturity,USD,2026-07-26,10000,3218.1,CUSTODIAN
TXN000607,ACCT0079,3133EPH56,Federal Home Loan Bank Note,Fixed Income,Dividend,USD,2026-07-22,1000000,16363.57,CUSTODIAN
TXN000608,ACCT0013,3130AW2V1,Federal Home Loan Mortgage Corp,Fixed Income,Principal Paydown,USD,2026-07-11,50000,50255.06,CUSTODIAN
TXN000609,ACCT0024,037833100,Apple Inc,Equity,Dividend,USD,2026-07-09,250,4.11,CUSTODIAN
TXN000610,ACCT0018,459200101,IBM Corp,Equity,Maturity,USD,2026-08-03,500,497.48,CUSTODIAN
TXN000611,ACCT0089,3140QY4L2,FNMA Pool,MBS,Sale,USD,2026-07-10,1000000,255150.81,CUSTODIAN
TXN000612,ACCT0050,594918104,Microsoft Corp,Equity,Purchase,USD,2026-08-08,2500,1569.17,CUSTODIAN
TXN000613,ACCT0081,3133EPH56,Federal Home Loan Bank Note,Fixed Income,Interest,USD,2026-07-10,500000,12357.81,CUSTODIAN
TXN000614,ACCT0041,3140QY4L2,FNMA Pool,MBS,Interest,USD,2026-08-11,1000000,18949.21,CUSTODIAN
TXN000615,ACCT0054,3133EPH56,Federal Home Loan Bank Note,Fixed Income,Sale,USD,2026-07-21,10000,185.5,CUSTODIAN
TXN000616,ACCT0066,459200101,IBM Corp,Equity,Purchase,USD,2026-08-09,100,92.51,CUSTODIAN
TXN000617,ACCT0012,3130AW2V1,Federal Home Loan Mortgage Corp,Fixed Income,Interest,USD,2026-07-11,250000,2608.55,CUSTODIAN
TXN000618,ACCT0093,3130AW2V1,Federal Home Loan Mortgage Corp,Fixed Income,Sale,USD,2026-08-04,500000,161984.17,CUSTODIAN
TXN000619,ACCT0088,3133EPH56,Federal Home Loan Bank Note,Fixed Income,Sale,EUR,2026-07-18,100000,93763.07,CUSTODIAN
TXN000620,ACCT0027,3133EPH56,Federal Home Loan Bank Note,Fixed Income,Dividend,USD,2026-08-13,50000,190.2,CUSTODIAN
TXN000621,ACCT0096,91282CJL6,US Treasury Note 4.25%,Fixed Income,Purchase,USD,2026-08-12,25000,4374.99,CUSTODIAN
TXN000622,ACCT0058,91282CJL6,US Treasury Note 4.25%,Fixed Income,Dividend,USD,2026-08-04,250000,6922.18,CUSTODIAN
TXN000623,ACCT0031,3130AW2V1,Federal Home Loan Mortgage Corp,Fixed Income,Maturity,USD,2026-07-13,25000,23914.6,CUSTODIAN
TXN000624,ACCT0048,3140QY4L2,FNMA Pool,MBS,Sale,USD,2026-07-30,250000,115355.57,CUSTODIAN
TXN000625,ACCT0066,037833100,Apple Inc,Equity,Sale,USD,2026-07-13,2500,699.37,CUSTODIAN
TXN000626,ACCT0020,3133EPH56,Federal Home Loan Bank Note,Fixed Income,Sale,USD,2026-07-03,50000,23217.71,CUSTODIAN
TXN000627,ACCT0074,3130AW2V1,Federal Home Loan Mortgage Corp,Fixed Income,Purchase,USD,2026-07-06,25000,17582.43,CUSTODIAN
TXN000628,ACCT0028,459200101,IBM Corp,Equity,Principal Paydown,USD,2026-07-05,1000,45.73,CUSTODIAN
TXN000629,ACCT0004,037833100,Apple Inc,Equity,Purchase,USD,2026-07-03,1000,792.89,CUSTODIAN
TXN000630,ACCT0007,3140QY4L2,FNMA Pool,MBS,Purchase,USD,2026-07-04,25000,25398.6,CUSTODIAN
TXN000631,ACCT0015,3140QY4L2,FNMA Pool,MBS,Purchase,USD,2026-08-03,10000,7265.28,CUSTODIAN
TXN000632,ACCT0081,594918104,Microsoft Corp,Equity,Maturity,USD,2026-07-27,100,36.22,CUSTODIAN
TXN000633,ACCT0006,91282CJL6,US Treasury Note 4.25%,Fixed Income,Maturity,EUR,2026-08-08,50000,3674.88,CUSTODIAN
TXN000634,ACCT0095,3140QY4L2,FNMA Pool,MBS,Principal Paydown,USD,2026-08-14,500000,491862.81,CUSTODIAN
TXN000635,ACCT0019,3133EPH56,Federal Home Loan Bank Note,Fixed Income,Interest,USD,2026-07-03,250000,1413.81,CUSTODIAN
TXN000636,ACCT0072,594918104,Microsoft Corp,Equity,Purchase,GBP,2026-07-08,5000,3430.4,CUSTODIAN
TXN000637,ACCT0074,3140QY4L2,FNMA Pool,MBS,Sale,USD,2026-07-02,50000,44230.59,CUSTODIAN
TXN000638,ACCT0050,3130AW2V1,Federal Home Loan Mortgage Corp,Fixed Income,Interest,USD,2026-08-06,100000,1177.86,CUSTODIAN
TXN000639,ACCT0015,91282CJL6,US Treasury Note 4.25%,Fixed Income,Interest,USD,2026-07-04,1000000,34834.83,CUSTODIAN
TXN000640,ACCT0056,3133EPH56,Federal Home Loan Bank Note,Fixed Income,Principal Paydown,USD,2026-07-12,25000,733.48,CUSTODIAN
TXN000641,ACCT0058,3133EPH56,Federal Home Loan Bank Note,Fixed Income,Purchase,USD,2026-07-18,500000,283500.22,CUSTODIAN
TXN000642,ACCT0093,91282CJL6,US Treasury Note 4.25%,Fixed Income,Purchase,EUR,2026-07-14,1000000,777214.89,CUSTODIAN
TXN000643,ACCT0001,037833100,Apple Inc,Equity,Purchase,USD,2026-07-04,5000,2131.02,CUSTODIAN
TXN000644,ACCT0098,3133EPH56,Federal Home Loan Bank Note,Fixed Income,Interest,USD,2026-07-05,1000000,28648.29,CUSTODIAN
TXN000645,ACCT0062,594918104,Microsoft Corp,Equity,Sale,USD,2026-08-03,5000,1815.94,CUSTODIAN
TXN000646,ACCT0076,91282CJL6,US Treasury Note 4.25%,Fixed Income,Interest,USD,2026-07-02,50000,1642.55,CUSTODIAN
TXN000647,ACCT0030,3133EPH56,Federal Home Loan Bank Note,Fixed Income,Interest,USD,2026-08-06,500000,4701.92,CUSTODIAN
TXN000648,ACCT0037,037833100,Apple Inc,Equity,Principal Paydown,USD,2026-07-06,250,132.41,CUSTODIAN
TXN000649,ACCT0036,91282CJL6,US Treasury Note 4.25%,Fixed Income,Interest,USD,2026-07-11,10000,128.25,CUSTODIAN
TXN000650,ACCT0012,037833100,Apple Inc,Equity,Dividend,USD,2026-07-06,1000,13.4,CUSTODIAN
TXN000651,ACCT0031,3130AW2V1,Federal Home Loan Mortgage Corp,Fixed Income,Maturity,GBP,2026-08-06,25000,22431.33,CUSTODIAN
TXN000652,ACCT0049,3140QY4L2,FNMA Pool,MBS,Purchase,USD,2026-08-12,100000,27779.7,CUSTODIAN
TXN000653,ACCT0028,3130AW2V1,Federal Home Loan Mortgage Corp,Fixed Income,Sale,USD,2026-07-05,10000,3163.06,CUSTODIAN
TXN000654,ACCT0048,3622A2LQ8,GNMA Pool,MBS,Interest,USD,2026-07-01,10000,47.28,CUSTODIAN
TXN000655,ACCT0035,91282CJL6,US Treasury Note 4.25%,Fixed Income,Principal Paydown,USD,2026-07-09,100000,77915.27,CUSTODIAN
TXN000656,ACCT0057,459200101,IBM Corp,Equity,Dividend,USD,2026-07-27,250,7.24,CUSTODIAN
TXN000657,ACCT0096,037833100,Apple Inc,Equity,Principal Paydown,USD,2026-07-25,500,165.83,CUSTODIAN
TXN000658,ACCT0010,91282CJL6,US Treasury Note 4.25%,Fixed Income,Maturity,USD,2026-07-05,10000,2825.96,CUSTODIAN
TXN000659,ACCT0010,594918104,Microsoft Corp,Equity,Purchase,USD,2026-07-02,1000,430.63,CUSTODIAN
TXN000660,ACCT0055,3140QY4L2,FNMA Pool,MBS,Maturity,USD,2026-08-02,250000,147862.27,CUSTODIAN
TXN000661,ACCT0048,3140QY4L2,FNMA Pool,MBS,Interest,USD,2026-08-08,1000000,20885.22,CUSTODIAN
TXN000662,ACCT0009,3133EPH56,Federal Home Loan Bank Note,Fixed Income,Dividend,USD,2026-07-15,100000,3997.75,CUSTODIAN
TXN000663,ACCT0012,037833100,Apple Inc,Equity,Dividend,EUR,2026-07-02,250,1.18,CUSTODIAN
TXN000664,ACCT0049,459200101,IBM Corp,Equity,Purchase,USD,2026-07-28,2500,747.87,CUSTODIAN
TXN000665,ACCT0002,91282CJL6,US Treasury Note 4.25%,Fixed Income,Dividend,USD,2026-07-15,10000,138.26,CUSTODIAN
TXN000666,ACCT0085,594918104,Microsoft Corp,Equity,Sale,USD,2026-07-10,2500,1542.96,CUSTODIAN
TXN000667,ACCT0049,91282CJL6,US Treasury Note 4.25%,Fixed Income,Dividend,USD,2026-07-23,1000000,37877.53,CUSTODIAN
TXN000668,ACCT0053,3130AW2V1,Federal Home Loan Mortgage Corp,Fixed Income,Interest,EUR,2026-07-16,25000,383.78,CUSTODIAN
TXN000669,ACCT0083,594918104,Microsoft Corp,Equity,Principal Paydown,USD,2026-08-03,1000,348.26,CUSTODIAN
TXN000670,ACCT0014,3133EPH56,Federal Home Loan Bank Note,Fixed Income,Interest,USD,2026-07-23,250000,8057.49,CUSTODIAN
TXN000671,ACCT0012,3622A2LQ8,GNMA Pool,MBS,Principal Paydown,USD,2026-07-24,50000,1772.96,CUSTODIAN
TXN000672,ACCT0057,91282CJL6,US Treasury Note 4.25%,Fixed Income,Principal Paydown,USD,2026-07-23,25000,9118.28,CUSTODIAN
TXN000673,ACCT0032,3622A2LQ8,GNMA Pool,MBS,Purchase,USD,2026-08-08,250000,170241.87,CUSTODIAN
TXN000674,ACCT0069,3130AW2V1,Federal Home Loan Mortgage Corp,Fixed Income,Purchase,USD,2026-07-27,1000000,322364.51,CUSTODIAN
TXN000675,ACCT0045,3130AW2V1,Federal Home Loan Mortgage Corp,Fixed Income,Principal Paydown,EUR,2026-07-17,250000,34870.43,CUSTODIAN
TXN000676,ACCT0073,3622A2LQ8,GNMA Pool,MBS,Interest,USD,2026-08-08,1000000,21275.45,CUSTODIAN
TXN000677,ACCT0096,3140QY4L2,FNMA Pool,MBS,Purchase,USD,2026-07-14,1000000,465113.88,CUSTODIAN
TXN000678,ACCT0057,3133EPH56,Federal Home Loan Bank Note,Fixed Income,Dividend,USD,2026-08-11,100000,970.18,CUSTODIAN
TXN000679,ACCT0040,037833100,Apple Inc,Equity,Dividend,GBP,2026-07-20,1000,7.25,CUSTODIAN
TXN000680,ACCT0086,037833100,Apple Inc,Equity,Purchase,USD,2026-08-03,250,236.4,CUSTODIAN
TXN000681,ACCT0084,91282CJL6,US Treasury Note 4.25%,Fixed Income,Interest,USD,2026-07-24,250000,1153.86,CUSTODIAN
TXN000682,ACCT0037,3140QY4L2,FNMA Pool,MBS,Dividend,USD,2026-08-09,10000,216.04,CUSTODIAN
TXN000683,ACCT0014,3130AW2V1,Federal Home Loan Mortgage Corp,Fixed Income,Sale,USD,2026-08-14,10000,6727.05,CUSTODIAN
TXN000684,ACCT0007,3622A2LQ8,GNMA Pool,MBS,Interest,USD,2026-07-14,100000,2556.12,CUSTODIAN
TXN000685,ACCT0011,594918104,Microsoft Corp,Equity,Interest,USD,2026-08-08,250,6.76,CUSTODIAN
TXN000686,ACCT0088,3140QY4L2,FNMA Pool,MBS,Maturity,EUR,2026-08-09,100000,8991.41,CUSTODIAN
TXN000687,ACCT0091,3140QY4L2,FNMA Pool,MBS,Sale,USD,2026-07-26,500000,284817.68,CUSTODIAN
TXN000688,ACCT0045,459200101,IBM Corp,Equity,Sale,USD,2026-07-26,100,33.67,CUSTODIAN
TXN000689,ACCT0019,3130AW2V1,Federal Home Loan Mortgage Corp,Fixed Income,Purchase,USD,2026-08-04,250000,67696.58,CUSTODIAN
TXN000690,ACCT0068,459200101,IBM Corp,Equity,Maturity,USD,2026-07-01,5000,1723.65,CUSTODIAN
TXN000691,ACCT0082,3130AW2V1,Federal Home Loan Mortgage Corp,Fixed Income,Principal Paydown,USD,2026-08-06,1000000,706333.49,CUSTODIAN
TXN000692,ACCT0094,3622A2LQ8,GNMA Pool,MBS,Interest,EUR,2026-07-14,10000,317.27,CUSTODIAN
TXN000693,ACCT0035,91282CJL6,US Treasury Note 4.25%,Fixed Income,Interest,USD,2026-08-05,10000,320.03,CUSTODIAN
TXN000694,ACCT0062,91282CJL6,US Treasury Note 4.25%,Fixed Income,Sale,USD,2026-07-04,500000,404647.58,CUSTODIAN
TXN000695,ACCT0051,3140QY4L2,FNMA Pool,MBS,Principal Paydown,USD,2026-08-13,500000,224559.0,CUSTODIAN
TXN000696,ACCT0044,3140QY4L2,FNMA Pool,MBS,Maturity,USD,2026-08-01,50000,28230.98,CUSTODIAN
TXN000697,ACCT0035,3140QY4L2,FNMA Pool,MBS,Dividend,USD,2026-08-11,25000,470.04,CUSTODIAN
TXN000698,ACCT0031,037833100,Apple Inc,Equity,Dividend,USD,2026-08-01,1000,27.7,CUSTODIAN
TXN000699,ACCT0096,037833100,Apple Inc,Equity,Purchase,USD,2026-07-27,250,1.13,CUSTODIAN
TXN000700,ACCT0075,594918104,Microsoft Corp,Equity,Maturity,USD,2026-08-06,1000,731.96,CUSTODIAN
TXN000701,ACCT0039,594918104,Microsoft Corp,Equity,Maturity,USD,2026-07-19,5000,2913.89,CUSTODIAN
TXN000702,ACCT0081,91282CJL6,US Treasury Note 4.25%,Fixed Income,Dividend,USD,2026-07-20,500000,10434.62,CUSTODIAN
TXN000703,ACCT0013,3140QY4L2,FNMA Pool,MBS,Principal Paydown,GBP,2026-08-13,100000,72199.8,CUSTODIAN
TXN000704,ACCT0085,459200101,IBM Corp,Equity,Maturity,USD,2026-08-03,5000,3112.0,CUSTODIAN
TXN000705,ACCT0087,3133EPH56,Federal Home Loan Bank Note,Fixed Income,Sale,USD,2026-07-28,500000,266116.29,CUSTODIAN
TXN000706,ACCT0068,3622A2LQ8,GNMA Pool,MBS,Maturity,USD,2026-07-23,500000,221053.58,CUSTODIAN
TXN000707,ACCT0005,91282CJL6,US Treasury Note 4.25%,Fixed Income,Maturity,USD,2026-07-22,500000,247551.59,CUSTODIAN
TXN000708,ACCT0030,91282CJL6,US Treasury Note 4.25%,Fixed Income,Maturity,USD,2026-07-08,10000,7198.18,CUSTODIAN
TXN000709,ACCT0035,594918104,Microsoft Corp,Equity,Sale,USD,2026-07-07,2500,777.62,CUSTODIAN
TXN000710,ACCT0066,459200101,IBM Corp,Equity,Purchase,USD,2026-07-11,500,168.98,CUSTODIAN
TXN000711,ACCT0087,3140QY4L2,FNMA Pool,MBS,Dividend,USD,2026-07-21,1000000,34374.67,CUSTODIAN
TXN000712,ACCT0004,3130AW2V1,Federal Home Loan Mortgage Corp,Fixed Income,Maturity,USD,2026-07-24,25000,7493.3,CUSTODIAN
TXN000713,ACCT0053,594918104,Microsoft Corp,Equity,Purchase,USD,2026-07-29,1000,525.58,CUSTODIAN
TXN000714,ACCT0079,037833100,Apple Inc,Equity,Interest,USD,2026-07-09,5000,164.32,CUSTODIAN
TXN000715,ACCT0100,594918104,Microsoft Corp,Equity,Purchase,USD,2026-07-14,250,194.42,CUSTODIAN
TXN000716,ACCT0083,3133EPH56,Federal Home Loan Bank Note,Fixed Income,Dividend,USD,2026-07-07,100000,1670.67,CUSTODIAN
TXN000717,ACCT0080,037833100,Apple Inc,Equity,Sale,USD,2026-07-29,100,78.15,CUSTODIAN
TXN000718,ACCT0100,3622A2LQ8,GNMA Pool,MBS,Sale,USD,2026-08-11,50000,40856.29,CUSTODIAN
TXN000719,ACCT0081,3140QY4L2,FNMA Pool,MBS,Sale,USD,2026-07-21,500000,149930.65,CUSTODIAN
TXN000720,ACCT0048,3133EPH56,Federal Home Loan Bank Note,Fixed Income,Sale,USD,2026-07-04,100000,4719.64,CUSTODIAN
TXN000721,ACCT0069,459200101,IBM Corp,Equity,Sale,USD,2026-08-12,250,112.05,CUSTODIAN
TXN000722,ACCT0001,3130AW2V1,Federal Home Loan Mortgage Corp,Fixed Income,Interest,USD,2026-08-04,100000,3755.09,CUSTODIAN
TXN000723,ACCT0036,3133EPH56,Federal Home Loan Bank Note,Fixed Income,Principal Paydown,USD,2026-07-09,250000,57960.61,CUSTODIAN
TXN000724,ACCT0058,037833100,Apple Inc,Equity,Purchase,USD,2026-08-10,100,61.54,CUSTODIAN
TXN000725,ACCT0051,037833100,Apple Inc,Equity,Maturity,USD,2026-07-15,5000,4918.2,CUSTODIAN
TXN000726,ACCT0067,3622A2LQ8,GNMA Pool,MBS,Sale,USD,2026-07-19,100000,85255.23,CUSTODIAN
TXN000727,ACCT0011,594918104,Microsoft Corp,Equity,Dividend,GBP,2026-07-10,2500,23.03,CUSTODIAN
TXN000728,ACCT0031,3622A2LQ8,GNMA Pool,MBS,Purchase,USD,2026-07-19,500000,300811.6,CUSTODIAN
TXN000729,ACCT0028,91282CJL6,US Treasury Note 4.25%,Fixed Income,Interest,USD,2026-07-30,25000,557.66,CUSTODIAN
TXN000730,ACCT0068,91282CJL6,US Treasury Note 4.25%,Fixed Income,Sale,USD,2026-07-08,250000,13684.4,CUSTODIAN
TXN000731,ACCT0077,594918104,Microsoft Corp,Equity,Principal Paydown,USD,2026-07-12,250,219.16,CUSTODIAN
TXN000732,ACCT0009,3130AW2V1,Federal Home Loan Mortgage Corp,Fixed Income,Dividend,USD,2026-08-09,50000,703.54,CUSTODIAN
TXN000733,ACCT0022,459200101,IBM Corp,Equity,Maturity,EUR,2026-07-10,5000,301.61,CUSTODIAN
TXN000734,ACCT0034,3140QY4L2,FNMA Pool,MBS,Dividend,USD,2026-07-31,25000,448.82,CUSTODIAN
TXN000735,ACCT0062,3133EPH56,Federal Home Loan Bank Note,Fixed Income,Dividend,USD,2026-08-08,50000,783.87,CUSTODIAN
TXN000736,ACCT0038,91282CJL6,US Treasury Note 4.25%,Fixed Income,Maturity,USD,2026-08-05,1000000,896124.4,CUSTODIAN
TXN000737,ACCT0074,3130AW2V1,Federal Home Loan Mortgage Corp,Fixed Income,Principal Paydown,USD,2026-07-03,25000,1407.37,CUSTODIAN
TXN000738,ACCT0010,459200101,IBM Corp,Equity,Maturity,USD,2026-08-04,500,94.9,CUSTODIAN
TXN000739,ACCT0024,3130AW2V1,Federal Home Loan Mortgage Corp,Fixed Income,Dividend,USD,2026-07-28,250000,869.65,CUSTODIAN
TXN000740,ACCT0043,3622A2LQ8,GNMA Pool,MBS,Sale,USD,2026-08-14,100000,76748.56,CUSTODIAN
TXN000741,ACCT0009,3622A2LQ8,GNMA Pool,MBS,Interest,USD,2026-07-02,100000,3556.71,CUSTODIAN
TXN000742,ACCT0034,3133EPH56,Federal Home Loan Bank Note,Fixed Income,Dividend,USD,2026-07-30,250000,1954.45,CUSTODIAN
TXN000743,ACCT0076,594918104,Microsoft Corp,Equity,Maturity,GBP,2026-07-09,2500,2213.04,CUSTODIAN
TXN000744,ACCT0039,3622A2LQ8,GNMA Pool,MBS,Sale,USD,2026-08-08,1000000,849348.95,CUSTODIAN
TXN000745,ACCT0057,037833100,Apple Inc,Equity,Sale,USD,2026-07-22,1000,651.78,CUSTODIAN
TXN000746,ACCT0097,3622A2LQ8,GNMA Pool,MBS,Interest,USD,2026-08-08,100000,3237.55,CUSTODIAN
TXN000747,ACCT0022,3622A2LQ8,GNMA Pool,MBS,Sale,USD,2026-08-04,10000,9551.32,CUSTODIAN
TXN000748,ACCT0023,459200101,IBM Corp,Equity,Purchase,USD,2026-07-08,5000,4972.56,CUSTODIAN
TXN000749,ACCT0019,3130AW2V1,Federal Home Loan Mortgage Corp,Fixed Income,Dividend,USD,2026-07-21,500000,5012.68,CUSTODIAN
TXN000750,ACCT0026,594918104,Microsoft Corp,Equity,Purchase,USD,2026-07-10,100,73.19,CUSTODIAN
TXN000751,ACCT0052,594918104,Microsoft Corp,Equity,Principal Paydown,USD,2026-08-03,250,22.1,CUSTODIAN
TXN000752,ACCT0049,3133EPH56,Federal Home Loan Bank Note,Fixed Income,Sale,USD,2026-07-21,250000,88001.16,CUSTODIAN
TXN000753,ACCT0033,3130AW2V1,Federal Home Loan Mortgage Corp,Fixed Income,Interest,USD,2026-07-22,1000000,39550.7,CUSTODIAN
TXN000754,ACCT0084,3130AW2V1,Federal Home Loan Mortgage Corp,Fixed Income,Principal Paydown,USD,2026-07-03,500000,403125.15,CUSTODIAN
TXN000755,ACCT0094,3622A2LQ8,GNMA Pool,MBS,Principal Paydown,GBP,2026-07-30,250000,160999.54,CUSTODIAN
TXN000756,ACCT0036,3140QY4L2,FNMA Pool,MBS,Sale,USD,2026-08-06,250000,202172.19,CUSTODIAN
TXN000757,ACCT0097,3140QY4L2,FNMA Pool,MBS,Purchase,USD,2026-07-05,10000,7736.65,CUSTODIAN
TXN000758,ACCT0069,3140QY4L2,FNMA Pool,MBS,Dividend,GBP,2026-08-11,25000,548.57,CUSTODIAN
TXN000759,ACCT0002,459200101,IBM Corp,Equity,Purchase,USD,2026-07-16,5000,3563.56,CUSTODIAN
TXN000760,ACCT0066,3133EPH56,Federal Home Loan Bank Note,Fixed Income,Interest,USD,2026-07-06,10000,233.69,CUSTODIAN
TXN000761,ACCT0014,3140QY4L2,FNMA Pool,MBS,Sale,USD,2026-07-19,250000,70103.39,CUSTODIAN
TXN000762,ACCT0016,91282CJL6,US Treasury Note 4.25%,Fixed Income,Interest,USD,2026-07-03,50000,138.27,CUSTODIAN
TXN000763,ACCT0057,594918104,Microsoft Corp,Equity,Purchase,USD,2026-08-12,5000,4072.68,CUSTODIAN
TXN000764,ACCT0040,459200101,IBM Corp,Equity,Purchase,USD,2026-07-14,100,44.06,CUSTODIAN
TXN000765,ACCT0064,91282CJL6,US Treasury Note 4.25%,Fixed Income,Principal Paydown,USD,2026-07-31,25000,21452.04,CUSTODIAN
TXN000766,ACCT0029,594918104,Microsoft Corp,Equity,Interest,USD,2026-07-02,1000,22.71,CUSTODIAN
TXN000767,ACCT0048,3130AW2V1,Federal Home Loan Mortgage Corp,Fixed Income,Sale,USD,2026-07-28,1000000,637600.77,CUSTODIAN
TXN000768,ACCT0044,594918104,Microsoft Corp,Equity,Maturity,USD,2026-07-04,500,148.77,CUSTODIAN
TXN000769,ACCT0065,459200101,IBM Corp,Equity,Interest,USD,2026-08-08,2500,69.84,CUSTODIAN
TXN000770,ACCT0038,91282CJL6,US Treasury Note 4.25%,Fixed Income,Purchase,USD,2026-08-13,10000,5194.94,CUSTODIAN
TXN000771,ACCT0051,037833100,Apple Inc,Equity,Purchase,USD,2026-07-13,100,43.36,CUSTODIAN
TXN000772,ACCT0081,3130AW2V1,Federal Home Loan Mortgage Corp,Fixed Income,Dividend,USD,2026-07-18,50000,517.79,CUSTODIAN
TXN000773,ACCT0003,037833100,Apple Inc,Equity,Sale,USD,2026-08-06,100,48.04,CUSTODIAN
TXN000774,ACCT0028,91282CJL6,US Treasury Note 4.25%,Fixed Income,Maturity,USD,2026-08-12,25000,8298.96,CUSTODIAN
TXN000775,ACCT0021,3622A2LQ8,GNMA Pool,MBS,Interest,USD,2026-08-07,250000,4020.97,CUSTODIAN
TXN000776,ACCT0096,594918104,Microsoft Corp,Equity,Interest,USD,2026-07-08,5000,10.37,CUSTODIAN
TXN000777,ACCT0072,594918104,Microsoft Corp,Equity,Maturity,USD,2026-07-22,2500,2332.66,CUSTODIAN
TXN000778,ACCT0084,3130AW2V1,Federal Home Loan Mortgage Corp,Fixed Income,Dividend,USD,2026-07-02,25000,856.92,CUSTODIAN
TXN000779,ACCT0072,459200101,IBM Corp,Equity,Purchase,EUR,2026-07-30,5000,2635.72,CUSTODIAN
TXN000780,ACCT0014,3622A2LQ8,GNMA Pool,MBS,Dividend,USD,2026-08-09,250000,4300.63,CUSTODIAN
TXN000781,ACCT0011,3140QY4L2,FNMA Pool,MBS,Interest,USD,2026-08-06,500000,11076.56,CUSTODIAN
TXN000782,ACCT0082,3130AW2V1,Federal Home Loan Mortgage Corp,Fixed Income,Interest,USD,2026-08-01,500000,11393.31,CUSTODIAN
TXN000783,ACCT0056,91282CJL6,US Treasury Note 4.25%,Fixed Income,Maturity,USD,2026-08-08,500000,197664.33,CUSTODIAN
TXN000784,ACCT0067,3140QY4L2,FNMA Pool,MBS,Maturity,USD,2026-07-18,100000,55665.73,CUSTODIAN
TXN000785,ACCT0028,3140QY4L2,FNMA Pool,MBS,Principal Paydown,USD,2026-08-09,1000000,354228.88,CUSTODIAN
TXN000786,ACCT0010,459200101,IBM Corp,Equity,Principal Paydown,EUR,2026-07-25,250,211.39,CUSTODIAN
TXN000787,ACCT0052,3133EPH56,Federal Home Loan Bank Note,Fixed Income,Purchase,USD,2026-07-11,100000,59865.94,CUSTODIAN
TXN000788,ACCT0030,3622A2LQ8,GNMA Pool,MBS,Maturity,USD,2026-07-12,10000,3508.57,CUSTODIAN
TXN000789,ACCT0082,037833100,Apple Inc,Equity,Sale,USD,2026-07-04,500,95.5,CUSTODIAN
TXN000790,ACCT0021,3133EPH56,Federal Home Loan Bank Note,Fixed Income,Sale,USD,2026-07-15,25000,22489.76,CUSTODIAN
TXN000791,ACCT0095,594918104,Microsoft Corp,Equity,Dividend,USD,2026-07-29,250,9.61,CUSTODIAN
TXN000792,ACCT0067,91282CJL6,US Treasury Note 4.25%,Fixed Income,Interest,USD,2026-07-27,10000,379.83,CUSTODIAN
TXN000793,ACCT0070,91282CJL6,US Treasury Note 4.25%,Fixed Income,Maturity,USD,2026-07-06,50000,6703.16,CUSTODIAN
TXN000794,ACCT0016,459200101,IBM Corp,Equity,Maturity,USD,2026-07-30,100,50.89,CUSTODIAN
TXN000795,ACCT0072,91282CJL6,US Treasury Note 4.25%,Fixed Income,Interest,USD,2026-08-12,250000,5457.93,CUSTODIAN
TXN000796,ACCT0014,3133EPH56,Federal Home Loan Bank Note,Fixed Income,Purchase,USD,2026-07-30,25000,1444.0,CUSTODIAN
TXN000797,ACCT0059,459200101,IBM Corp,Equity,Purchase,USD,2026-07-03,100,45.1,CUSTODIAN
TXN000798,ACCT0014,91282CJL6,US Treasury Note 4.25%,Fixed Income,Maturity,GBP,2026-07-04,25000,5652.34,CUSTODIAN
TXN000799,ACCT0043,3140QY4L2,FNMA Pool,MBS,Maturity,USD,2026-07-25,1000000,999254.87,CUSTODIAN
TXN000800,ACCT0010,594918104,Microsoft Corp,Equity,Principal Paydown,USD,2026-07-31,250,4.1,CUSTODIAN
TXN000801,ACCT0036,037833100,Apple Inc,Equity,Maturity,USD,2026-07-13,250,182.75,CUSTODIAN
TXN000802,ACCT0007,3140QY4L2,FNMA Pool,MBS,Principal Paydown,USD,2026-07-25,50000,9472.69,CUSTODIAN
TXN000803,ACCT0027,3140QY4L2,FNMA Pool,MBS,Maturity,USD,2026-07-13,25000,15631.08,CUSTODIAN
TXN000804,ACCT0065,3133EPH56,Federal Home Loan Bank Note,Fixed Income,Dividend,USD,2026-07-02,100000,2283.4,CUSTODIAN
TXN000805,ACCT0020,3130AW2V1,Federal Home Loan Mortgage Corp,Fixed Income,Dividend,USD,2026-08-14,10000,104.24,CUSTODIAN
TXN000806,ACCT0070,3140QY4L2,FNMA Pool,MBS,Dividend,USD,2026-08-05,500000,13387.28,CUSTODIAN
TXN000807,ACCT0078,037833100,Apple Inc,Equity,Purchase,USD,2026-07-23,500,181.73,CUSTODIAN
TXN000808,ACCT0083,037833100,Apple Inc,Equity,Sale,USD,2026-07-18,100,32.1,CUSTODIAN
TXN000809,ACCT0068,594918104,Microsoft Corp,Equity,Interest,USD,2026-07-20,5000,35.7,CUSTODIAN
TXN000810,ACCT0034,459200101,IBM Corp,Equity,Purchase,USD,2026-07-11,1000,271.85,CUSTODIAN
TXN000811,ACCT0055,3130AW2V1,Federal Home Loan Mortgage Corp,Fixed Income,Maturity,USD,2026-07-09,1000000,683080.1,CUSTODIAN
TXN000812,ACCT0096,037833100,Apple Inc,Equity,Sale,USD,2026-07-14,5000,1501.56,CUSTODIAN
TXN000813,ACCT0076,3140QY4L2,FNMA Pool,MBS,Sale,USD,2026-08-13,100000,71832.39,CUSTODIAN
TXN000814,ACCT0029,3133EPH56,Federal Home Loan Bank Note,Fixed Income,Principal Paydown,USD,2026-07-30,10000,8053.47,CUSTODIAN
TXN000815,ACCT0042,594918104,Microsoft Corp,Equity,Dividend,USD,2026-07-28,250,6.65,CUSTODIAN
TXN000816,ACCT0006,91282CJL6,US Treasury Note 4.25%,Fixed Income,Interest,USD,2026-07-19,500000,11905.7,CUSTODIAN
TXN000817,ACCT0073,3133EPH56,Federal Home Loan Bank Note,Fixed Income,Principal Paydown,USD,2026-07-14,50000,14056.9,CUSTODIAN
TXN000818,ACCT0003,3140QY4L2,FNMA Pool,MBS,Purchase,USD,2026-08-11,1000000,550982.95,CUSTODIAN
TXN000819,ACCT0077,3622A2LQ8,GNMA Pool,MBS,Sale,USD,2026-08-03,25000,2619.21,CUSTODIAN
TXN000820,ACCT0022,3140QY4L2,FNMA Pool,MBS,Principal Paydown,USD,2026-07-10,25000,8275.63,CUSTODIAN
TXN000821,ACCT0030,3622A2LQ8,GNMA Pool,MBS,Maturity,USD,2026-07-20,250000,230871.56,CUSTODIAN
TXN000822,ACCT0068,3140QY4L2,FNMA Pool,MBS,Purchase,USD,2026-07-14,100000,92574.87,CUSTODIAN
TXN000823,ACCT0033,91282CJL6,US Treasury Note 4.25%,Fixed Income,Interest,USD,2026-07-15,500000,10853.03,CUSTODIAN
TXN000824,ACCT0027,459200101,IBM Corp,Equity,Sale,USD,2026-07-15,1000,783.68,CUSTODIAN
TXN000825,ACCT0055,3130AW2V1,Federal Home Loan Mortgage Corp,Fixed Income,Dividend,EUR,2026-07-15,1000000,38139.7,CUSTODIAN
TXN000826,ACCT0005,594918104,Microsoft Corp,Equity,Maturity,USD,2026-08-14,500,78.66,CUSTODIAN
TXN000827,ACCT0074,3622A2LQ8,GNMA Pool,MBS,Purchase,USD,2026-07-29,500000,463486.45,CUSTODIAN
TXN000828,ACCT0035,91282CJL6,US Treasury Note 4.25%,Fixed Income,Maturity,USD,2026-07-23,10000,5204.68,CUSTODIAN
TXN000829,ACCT0040,91282CJL6,US Treasury Note 4.25%,Fixed Income,Interest,USD,2026-07-29,500000,16118.46,CUSTODIAN
TXN000830,ACCT0004,594918104,Microsoft Corp,Equity,Interest,USD,2026-07-03,500,5.85,CUSTODIAN
TXN000831,ACCT0054,594918104,Microsoft Corp,Equity,Maturity,USD,2026-07-23,500,128.24,CUSTODIAN
TXN000832,ACCT0042,3140QY4L2,FNMA Pool,MBS,Maturity,USD,2026-07-27,500000,4219.25,CUSTODIAN
TXN000833,ACCT0064,459200101,IBM Corp,Equity,Sale,USD,2026-07-10,250,133.8,CUSTODIAN
TXN000834,ACCT0025,3130AW2V1,Federal Home Loan Mortgage Corp,Fixed Income,Principal Paydown,USD,2026-07-02,50000,32612.66,CUSTODIAN
TXN000835,ACCT0097,459200101,IBM Corp,Equity,Maturity,USD,2026-08-09,1000,469.82,CUSTODIAN
TXN000836,ACCT0035,3130AW2V1,Federal Home Loan Mortgage Corp,Fixed Income,Dividend,GBP,2026-07-14,25000,577.78,CUSTODIAN
TXN000837,ACCT0013,3622A2LQ8,GNMA Pool,MBS,Dividend,USD,2026-08-04,250000,7394.63,CUSTODIAN
TXN000838,ACCT0066,3130AW2V1,Federal Home Loan Mortgage Corp,Fixed Income,Maturity,USD,2026-08-11,100000,82335.75,CUSTODIAN
TXN000839,ACCT0009,91282CJL6,US Treasury Note 4.25%,Fixed Income,Principal Paydown,USD,2026-07-11,10000,5041.23,CUSTODIAN
TXN000840,ACCT0052,459200101,IBM Corp,Equity,Purchase,USD,2026-08-14,5000,1434.16,CUSTODIAN
TXN000841,ACCT0008,91282CJL6,US Treasury Note 4.25%,Fixed Income,Dividend,USD,2026-07-08,250000,2447.98,CUSTODIAN
TXN000842,ACCT0069,594918104,Microsoft Corp,Equity,Interest,USD,2026-08-03,100,0.92,CUSTODIAN
TXN000843,ACCT0036,91282CJL6,US Treasury Note 4.25%,Fixed Income,Sale,USD,2026-07-11,25000,17846.44,CUSTODIAN
TXN000844,ACCT0034,3130AW2V1,Federal Home Loan Mortgage Corp,Fixed Income,Interest,GBP,2026-07-26,100000,2780.15,CUSTODIAN
TXN000845,ACCT0002,91282CJL6,US Treasury Note 4.25%,Fixed Income,Principal Paydown,USD,2026-07-14,250000,46750.18,CUSTODIAN
TXN000846,ACCT0089,3140QY4L2,FNMA Pool,MBS,Interest,USD,2026-07-10,500000,12460.89,CUSTODIAN
TXN000847,ACCT0004,3133EPH56,Federal Home Loan Bank Note,Fixed Income,Maturity,USD,2026-08-01,25000,24894.31,CUSTODIAN
TXN000848,ACCT0049,3140QY4L2,FNMA Pool,MBS,Sale,USD,2026-07-04,250000,44240.75,CUSTODIAN
TXN000849,ACCT0079,3140QY4L2,FNMA Pool,MBS,Maturity,USD,2026-07-29,100000,66910.24,CUSTODIAN
TXN000850,ACCT0043,3133EPH56,Federal Home Loan Bank Note,Fixed Income,Maturity,USD,2026-07-23,100000,73293.0,CUSTODIAN
TXN000851,ACCT0081,3130AW2V1,Federal Home Loan Mortgage Corp,Fixed Income,Principal Paydown,USD,2026-07-28,10000,2012.95,CUSTODIAN
TXN000852,ACCT0068,3130AW2V1,Federal Home Loan Mortgage Corp,Fixed Income,Interest,USD,2026-07-09,25000,853.87,CUSTODIAN
TXN000853,ACCT0028,91282CJL6,US Treasury Note 4.25%,Fixed Income,Purchase,GBP,2026-08-11,100000,97539.88,CUSTODIAN
TXN000854,ACCT0052,037833100,Apple Inc,Equity,Dividend,USD,2026-08-01,250,7.02,CUSTODIAN
TXN000855,ACCT0051,3140QY4L2,FNMA Pool,MBS,Sale,USD,2026-08-05,100000,77256.12,CUSTODIAN
TXN000856,ACCT0051,459200101,IBM Corp,Equity,Interest,USD,2026-08-08,2500,9.0,CUSTODIAN
TXN000857,ACCT0036,3140QY4L2,FNMA Pool,MBS,Dividend,USD,2026-08-13,50000,113.96,CUSTODIAN
TXN000858,ACCT0022,594918104,Microsoft Corp,Equity,Interest,GBP,2026-08-14,5000,182.86,CUSTODIAN
TXN000859,ACCT0008,459200101,IBM Corp,Equity,Purchase,USD,2026-07-09,100,6.85,CUSTODIAN
TXN000860,ACCT0018,3622A2LQ8,GNMA Pool,MBS,Sale,USD,2026-07-19,50000,22742.14,CUSTODIAN
TXN000861,ACCT0072,3622A2LQ8,GNMA Pool,MBS,Principal Paydown,GBP,2026-07-12,250000,120569.47,CUSTODIAN
TXN000862,ACCT0040,3130AW2V1,Federal Home Loan Mortgage Corp,Fixed Income,Maturity,USD,2026-07-01,500000,64943.15,CUSTODIAN
TXN000863,ACCT0053,3622A2LQ8,GNMA Pool,MBS,Sale,USD,2026-07-02,1000000,640740.12,CUSTODIAN
TXN000864,ACCT0045,3133EPH56,Federal Home Loan Bank Note,Fixed Income,Principal Paydown,EUR,2026-08-06,500000,2558.1,CUSTODIAN
TXN000865,ACCT0040,3622A2LQ8,GNMA Pool,MBS,Sale,USD,2026-08-03,500000,435499.8,CUSTODIAN
TXN000866,ACCT0021,459200101,IBM Corp,Equity,Purchase,USD,2026-08-06,1000,61.98,CUSTODIAN
TXN000867,ACCT0095,3130AW2V1,Federal Home Loan Mortgage Corp,Fixed Income,Interest,EUR,2026-08-03,10000,369.74,CUSTODIAN
TXN000868,ACCT0085,91282CJL6,US Treasury Note 4.25%,Fixed Income,Principal Paydown,USD,2026-07-02,10000,4845.89,CUSTODIAN
TXN000869,ACCT0090,3130AW2V1,Federal Home Loan Mortgage Corp,Fixed Income,Interest,USD,2026-07-02,1000000,32840.68,CUSTODIAN
TXN000870,ACCT0074,3133EPH56,Federal Home Loan Bank Note,Fixed Income,Sale,EUR,2026-07-25,100000,24051.29,CUSTODIAN
TXN000871,ACCT0084,459200101,IBM Corp,Equity,Sale,USD,2026-07-20,5000,2654.69,CUSTODIAN
TXN000872,ACCT0070,459200101,IBM Corp,Equity,Interest,GBP,2026-07-11,1000,35.91,CUSTODIAN
TXN000873,ACCT0072,3622A2LQ8,GNMA Pool,MBS,Principal Paydown,USD,2026-07-22,250000,189260.2,CUSTODIAN
TXN000874,ACCT0012,3133EPH56,Federal Home Loan Bank Note,Fixed Income,Dividend,USD,2026-07-27,250000,7574.68,CUSTODIAN
TXN000875,ACCT0029,594918104,Microsoft Corp,Equity,Purchase,USD,2026-07-02,100,44.17,CUSTODIAN
TXN000876,ACCT0022,3140QY4L2,FNMA Pool,MBS,Purchase,USD,2026-07-08,10000,6031.67,CUSTODIAN
TXN000877,ACCT0003,3133EPH56,Federal Home Loan Bank Note,Fixed Income,Sale,USD,2026-07-11,25000,22860.46,CUSTODIAN
TXN000878,ACCT0085,594918104,Microsoft Corp,Equity,Principal Paydown,EUR,2026-07-05,250,120.52,CUSTODIAN
TXN000879,ACCT0015,3622A2LQ8,GNMA Pool,MBS,Principal Paydown,USD,2026-07-07,100000,73510.3,CUSTODIAN
TXN000880,ACCT0036,3622A2LQ8,GNMA Pool,MBS,Interest,USD,2026-07-03,500000,13414.51,CUSTODIAN
TXN000881,ACCT0085,3622A2LQ8,GNMA Pool,MBS,Principal Paydown,USD,2026-08-04,100000,16183.75,CUSTODIAN
TXN000882,ACCT0078,594918104,Microsoft Corp,Equity,Sale,USD,2026-07-01,1000,280.05,CUSTODIAN
TXN000883,ACCT0088,3140QY4L2,FNMA Pool,MBS,Purchase,USD,2026-07-17,1000000,384366.88,CUSTODIAN
TXN000884,ACCT0023,3140QY4L2,FNMA Pool,MBS,Maturity,USD,2026-07-03,250000,189463.52,CUSTODIAN
TXN000885,ACCT0001,3133EPH56,Federal Home Loan Bank Note,Fixed Income,Dividend,USD,2026-07-14,500000,1265.48,CUSTODIAN
TXN000886,ACCT0024,3130AW2V1,Federal Home Loan Mortgage Corp,Fixed Income,Principal Paydown,USD,2026-07-09,250000,156659.66,CUSTODIAN
TXN000887,ACCT0014,3133EPH56,Federal Home Loan Bank Note,Fixed Income,Principal Paydown,USD,2026-07-26,50000,9605.38,CUSTODIAN
TXN000888,ACCT0011,3130AW2V1,Federal Home Loan Mortgage Corp,Fixed Income,Interest,USD,2026-07-14,1000000,33591.76,CUSTODIAN
TXN000889,ACCT0030,3130AW2V1,Federal Home Loan Mortgage Corp,Fixed Income,Interest,USD,2026-07-14,100000,1097.9,CUSTODIAN
TXN000890,ACCT0057,3140QY4L2,FNMA Pool,MBS,Interest,USD,2026-07-15,25000,916.39,CUSTODIAN
TXN000891,ACCT0056,91282CJL6,US Treasury Note 4.25%,Fixed Income,Sale,USD,2026-07-13,50000,25008.38,CUSTODIAN
TXN000892,ACCT0033,3133EPH56,Federal Home Loan Bank Note,Fixed Income,Dividend,USD,2026-08-13,100000,2709.72,CUSTODIAN
TXN000893,ACCT0005,3622A2LQ8,GNMA Pool,MBS,Sale,USD,2026-07-14,25000,14914.41,CUSTODIAN
TXN000894,ACCT0097,037833100,Apple Inc,Equity,Maturity,USD,2026-07-10,500,167.53,CUSTODIAN
TXN000895,ACCT0024,594918104,Microsoft Corp,Equity,Interest,EUR,2026-08-10,100,3.97,CUSTODIAN
TXN000896,ACCT0050,459200101,IBM Corp,Equity,Principal Paydown,USD,2026-08-12,1000,43.23,CUSTODIAN
TXN000897,ACCT0043,3130AW2V1,Federal Home Loan Mortgage Corp,Fixed Income,Purchase,USD,2026-07-11,1000000,845409.89,CUSTODIAN
TXN000898,ACCT0062,459200101,IBM Corp,Equity,Dividend,USD,2026-08-05,5000,174.25,CUSTODIAN
TXN000899,ACCT0054,3130AW2V1,Federal Home Loan Mortgage Corp,Fixed Income,Principal Paydown,USD,2026-08-04,10000,2955.78,CUSTODIAN
TXN000900,ACCT0036,594918104,Microsoft Corp,Equity,Dividend,USD,2026-07-01,5000,61.56,CUSTODIAN
TXN000901,ACCT0045,91282CJL6,US Treasury Note 4.25%,Fixed Income,Maturity,USD,2026-08-08,25000,19660.73,CUSTODIAN
TXN000902,ACCT0014,91282CJL6,US Treasury Note 4.25%,Fixed Income,Sale,USD,2026-07-01,250000,117670.68,CUSTODIAN
TXN000903,ACCT0033,594918104,Microsoft Corp,Equity,Maturity,USD,2026-07-06,250,192.98,CUSTODIAN
TXN000904,ACCT0012,594918104,Microsoft Corp,Equity,Purchase,USD,2026-07-27,5000,631.06,CUSTODIAN
TXN000905,ACCT0025,037833100,Apple Inc,Equity,Maturity,USD,2026-08-14,250,194.73,CUSTODIAN
TXN000906,ACCT0042,3622A2LQ8,GNMA Pool,MBS,Maturity,USD,2026-08-04,1000000,867872.06,CUSTODIAN
TXN000907,ACCT0068,037833100,Apple Inc,Equity,Interest,USD,2026-07-31,5000,114.64,CUSTODIAN
TXN000908,ACCT0012,594918104,Microsoft Corp,Equity,Purchase,USD,2026-07-22,5000,2571.08,CUSTODIAN
TXN000909,ACCT0037,91282CJL6,US Treasury Note 4.25%,Fixed Income,Maturity,USD,2026-07-05,1000000,145977.05,CUSTODIAN
TXN000910,ACCT0053,3133EPH56,Federal Home Loan Bank Note,Fixed Income,Interest,GBP,2026-08-14,50000,775.49,CUSTODIAN
TXN000911,ACCT0029,3130AW2V1,Federal Home Loan Mortgage Corp,Fixed Income,Principal Paydown,USD,2026-07-21,25000,18519.28,CUSTODIAN
TXN000912,ACCT0035,3140QY4L2,FNMA Pool,MBS,Sale,USD,2026-07-01,25000,17247.8,CUSTODIAN
TXN000913,ACCT0071,3130AW2V1,Federal Home Loan Mortgage Corp,Fixed Income,Dividend,GBP,2026-07-17,500000,1465.19,CUSTODIAN
TXN000914,ACCT0017,459200101,IBM Corp,Equity,Principal Paydown,USD,2026-07-05,250,207.54,CUSTODIAN
TXN000915,ACCT0058,459200101,IBM Corp,Equity,Sale,USD,2026-08-11,100,56.57,CUSTODIAN
TXN000916,ACCT0085,91282CJL6,US Treasury Note 4.25%,Fixed Income,Dividend,USD,2026-07-08,500000,17124.71,CUSTODIAN
TXN000917,ACCT0068,3133EPH56,Federal Home Loan Bank Note,Fixed Income,Dividend,USD,2026-07-31,10000,48.63,CUSTODIAN
TXN000918,ACCT0051,459200101,IBM Corp,Equity,Dividend,EUR,2026-07-04,5000,156.12,CUSTODIAN
TXN000919,ACCT0088,91282CJL6,US Treasury Note 4.25%,Fixed Income,Purchase,USD,2026-08-09,25000,6042.25,CUSTODIAN
TXN000920,ACCT0044,3140QY4L2,FNMA Pool,MBS,Interest,USD,2026-08-09,25000,979.14,CUSTODIAN
TXN000921,ACCT0093,459200101,IBM Corp,Equity,Principal Paydown,GBP,2026-07-16,500,318.15,CUSTODIAN
TXN000922,ACCT0094,3130AW2V1,Federal Home Loan Mortgage Corp,Fixed Income,Purchase,USD,2026-08-01,50000,16481.1,CUSTODIAN
TXN000923,ACCT0044,594918104,Microsoft Corp,Equity,Sale,USD,2026-08-13,100,88.17,CUSTODIAN
TXN000924,ACCT0029,3130AW2V1,Federal Home Loan Mortgage Corp,Fixed Income,Sale,USD,2026-07-25,100000,33094.45,CUSTODIAN
TXN000925,ACCT0029,3140QY4L2,FNMA Pool,MBS,Purchase,EUR,2026-07-21,100000,52340.58,CUSTODIAN
TXN000926,ACCT0011,3133EPH56,Federal Home Loan Bank Note,Fixed Income,Sale,USD,2026-07-23,250000,229448.37,CUSTODIAN
TXN000927,ACCT0037,3130AW2V1,Federal Home Loan Mortgage Corp,Fixed Income,Dividend,USD,2026-07-15,1000000,12070.81,CUSTODIAN
TXN000928,ACCT0065,3130AW2V1,Federal Home Loan Mortgage Corp,Fixed Income,Purchase,USD,2026-08-01,50000,13907.85,CUSTODIAN
TXN000929,ACCT0023,594918104,Microsoft Corp,Equity,Maturity,USD,2026-08-14,2500,452.54,CUSTODIAN
TXN000930,ACCT0058,91282CJL6,US Treasury Note 4.25%,Fixed Income,Interest,EUR,2026-07-22,10000,123.72,CUSTODIAN
TXN000931,ACCT0021,459200101,IBM Corp,Equity,Principal Paydown,USD,2026-07-14,2500,1185.13,CUSTODIAN
TXN000932,ACCT0080,594918104,Microsoft Corp,Equity,Maturity,EUR,2026-07-06,2500,1065.58,CUSTODIAN
TXN000933,ACCT0083,594918104,Microsoft Corp,Equity,Interest,USD,2026-07-26,5000,140.36,CUSTODIAN
TXN000934,ACCT0094,459200101,IBM Corp,Equity,Interest,USD,2026-07-27,500,16.41,CUSTODIAN
TXN000935,ACCT0031,3130AW2V1,Federal Home Loan Mortgage Corp,Fixed Income,Sale,USD,2026-07-21,25000,4058.82,CUSTODIAN
TXN000936,ACCT0012,594918104,Microsoft Corp,Equity,Principal Paydown,USD,2026-07-02,1000,146.84,CUSTODIAN
TXN000937,ACCT0077,037833100,Apple Inc,Equity,Interest,USD,2026-07-16,5000,18.85,CUSTODIAN
TXN000938,ACCT0086,594918104,Microsoft Corp,Equity,Dividend,USD,2026-07-19,500,9.61,CUSTODIAN
TXN000939,ACCT0080,91282CJL6,US Treasury Note 4.25%,Fixed Income,Maturity,USD,2026-07-12,500000,371051.01,CUSTODIAN
TXN000940,ACCT0024,594918104,Microsoft Corp,Equity,Maturity,USD,2026-07-19,500,244.55,CUSTODIAN
TXN000941,ACCT0035,3622A2LQ8,GNMA Pool,MBS,Maturity,USD,2026-08-04,1000000,454364.75,CUSTODIAN
TXN000942,ACCT0044,3130AW2V1,Federal Home Loan Mortgage Corp,Fixed Income,Interest,USD,2026-07-14,500000,9129.99,CUSTODIAN
TXN000943,ACCT0062,3133EPH56,Federal Home Loan Bank Note,Fixed Income,Maturity,EUR,2026-07-12,500000,126177.17,CUSTODIAN
TXN000944,ACCT0043,3140QY4L2,FNMA Pool,MBS,Purchase,USD,2026-07-09,10000,3529.72,CUSTODIAN
TXN000945,ACCT0055,3622A2LQ8,GNMA Pool,MBS,Maturity,USD,2026-07-09,25000,11420.97,CUSTODIAN
TXN000946,ACCT0081,459200101,IBM Corp,Equity,Purchase,USD,2026-08-01,100,34.47,CUSTODIAN
TXN000947,ACCT0041,91282CJL6,US Treasury Note 4.25%,Fixed Income,Purchase,USD,2026-07-19,500000,162078.21,CUSTODIAN
TXN000948,ACCT0076,459200101,IBM Corp,Equity,Purchase,USD,2026-08-10,5000,3806.86,CUSTODIAN
TXN000949,ACCT0002,037833100,Apple Inc,Equity,Maturity,USD,2026-07-29,250,53.8,CUSTODIAN
TXN000950,ACCT0004,3133EPH56,Federal Home Loan Bank Note,Fixed Income,Maturity,USD,2026-07-11,50000,3743.79,CUSTODIAN
TXN000951,ACCT0093,3622A2LQ8,GNMA Pool,MBS,Purchase,USD,2026-08-09,50000,5739.94,CUSTODIAN
TXN000952,ACCT0055,3133EPH56,Federal Home Loan Bank Note,Fixed Income,Interest,USD,2026-07-10,50000,1855.84,CUSTODIAN
TXN000953,ACCT0051,037833100,Apple Inc,Equity,Dividend,EUR,2026-08-08,100,2.11,CUSTODIAN
TXN000954,ACCT0066,594918104,Microsoft Corp,Equity,Purchase,USD,2026-07-25,500,139.7,CUSTODIAN
TXN000955,ACCT0040,037833100,Apple Inc,Equity,Principal Paydown,USD,2026-07-12,2500,1644.2,CUSTODIAN
TXN000956,ACCT0049,91282CJL6,US Treasury Note 4.25%,Fixed Income,Maturity,USD,2026-07-01,1000000,78348.46,CUSTODIAN
TXN000957,ACCT0031,3140QY4L2,FNMA Pool,MBS,Sale,GBP,2026-07-25,25000,16732.26,CUSTODIAN
TXN000958,ACCT0032,459200101,IBM Corp,Equity,Dividend,USD,2026-07-08,1000,34.98,CUSTODIAN
TXN000959,ACCT0076,3130AW2V1,Federal Home Loan Mortgage Corp,Fixed Income,Interest,GBP,2026-07-31,10000,26.39,CUSTODIAN
TXN000960,ACCT0019,3130AW2V1,Federal Home Loan Mortgage Corp,Fixed Income,Purchase,USD,2026-08-14,50000,9336.03,CUSTODIAN
TXN000961,ACCT0005,037833100,Apple Inc,Equity,Dividend,USD,2026-07-20,2500,24.83,CUSTODIAN
TXN000962,ACCT0073,3140QY4L2,FNMA Pool,MBS,Sale,USD,2026-08-02,1000000,417955.58,CUSTODIAN
TXN000963,ACCT0069,3622A2LQ8,GNMA Pool,MBS,Maturity,USD,2026-07-10,250000,132205.08,CUSTODIAN
TXN000964,ACCT0073,3140QY4L2,FNMA Pool,MBS,Dividend,USD,2026-07-20,250000,2745.55,CUSTODIAN
TXN000965,ACCT0067,3622A2LQ8,GNMA Pool,MBS,Dividend,USD,2026-07-22,100000,1243.66,CUSTODIAN
TXN000966,ACCT0042,459200101,IBM Corp,Equity,Maturity,USD,2026-08-13,500,92.07,CUSTODIAN
TXN000967,ACCT0075,594918104,Microsoft Corp,Equity,Dividend,USD,2026-07-28,1000,27.93,CUSTODIAN
TXN000968,ACCT0013,037833100,Apple Inc,Equity,Sale,USD,2026-08-06,100,1.29,CUSTODIAN
TXN000969,ACCT0028,91282CJL6,US Treasury Note 4.25%,Fixed Income,Dividend,USD,2026-07-20,100000,1830.49,CUSTODIAN
TXN000970,ACCT0014,3140QY4L2,FNMA Pool,MBS,Purchase,USD,2026-07-20,10000,6697.22,CUSTODIAN
TXN000971,ACCT0032,91282CJL6,US Treasury Note 4.25%,Fixed Income,Principal Paydown,USD,2026-08-02,50000,41104.33,CUSTODIAN
TXN000972,ACCT0003,3133EPH56,Federal Home Loan Bank Note,Fixed Income,Interest,USD,2026-07-28,1000000,25948.95,CUSTODIAN
TXN000973,ACCT0078,594918104,Microsoft Corp,Equity,Purchase,USD,2026-08-12,5000,1391.63,CUSTODIAN
TXN000974,ACCT0064,459200101,IBM Corp,Equity,Interest,USD,2026-08-11,250,4.7,CUSTODIAN
TXN000975,ACCT0071,3622A2LQ8,GNMA Pool,MBS,Principal Paydown,USD,2026-08-01,100000,59699.16,CUSTODIAN
TXN000976,ACCT0039,3622A2LQ8,GNMA Pool,MBS,Sale,USD,2026-07-15,25000,17366.97,CUSTODIAN
TXN000977,ACCT0071,3622A2LQ8,GNMA Pool,MBS,Interest,USD,2026-07-27,1000000,14931.42,CUSTODIAN
TXN000978,ACCT0065,594918104,Microsoft Corp,Equity,Sale,USD,2026-08-01,100,40.29,CUSTODIAN
TXN000979,ACCT0021,459200101,IBM Corp,Equity,Dividend,USD,2026-07-20,500,14.15,CUSTODIAN
TXN000980,ACCT0050,3140QY4L2,FNMA Pool,MBS,Dividend,USD,2026-08-02,100000,3211.1,CUSTODIAN
TXN000981,ACCT0058,459200101,IBM Corp,Equity,Principal Paydown,USD,2026-08-14,5000,3624.75,CUSTODIAN
TXN000982,ACCT0022,3622A2LQ8,GNMA Pool,MBS,Interest,USD,2026-07-31,25000,164.55,CUSTODIAN
TXN000983,ACCT0075,3140QY4L2,FNMA Pool,MBS,Dividend,USD,2026-07-17,1000000,32966.29,CUSTODIAN
TXN000984,ACCT0073,3622A2LQ8,GNMA Pool,MBS,Dividend,USD,2026-07-19,10000,81.16,CUSTODIAN
TXN000985,ACCT0022,3130AW2V1,Federal Home Loan Mortgage Corp,Fixed Income,Purchase,USD,2026-08-08,100000,34949.77,CUSTODIAN
TXN000986,ACCT0087,3130AW2V1,Federal Home Loan Mortgage Corp,Fixed Income,Sale,USD,2026-07-13,50000,38667.77,CUSTODIAN
TXN000987,ACCT0079,037833100,Apple Inc,Equity,Principal Paydown,USD,2026-07-29,500,79.25,CUSTODIAN
TXN000988,ACCT0006,3130AW2V1,Federal Home Loan Mortgage Corp,Fixed Income,Dividend,USD,2026-07-18,250000,8654.26,CUSTODIAN
TXN000989,ACCT0079,037833100,Apple Inc,Equity,Dividend,USD,2026-07-22,1000,24.62,CUSTODIAN
TXN000990,ACCT0024,037833100,Apple Inc,Equity,Sale,GBP,2026-07-28,250,189.29,CUSTODIAN
TXN000991,ACCT0025,037833100,Apple Inc,Equity,Principal Paydown,USD,2026-07-24,250,219.03,CUSTODIAN
TXN000992,ACCT0049,037833100,Apple Inc,Equity,Sale,USD,2026-07-03,100,16.39,CUSTODIAN
TXN000993,ACCT0002,3133EPH56,Federal Home Loan Bank Note,Fixed Income,Principal Paydown,USD,2026-07-01,50000,18955.88,CUSTODIAN
TXN000994,ACCT0008,3130AW2V1,Federal Home Loan Mortgage Corp,Fixed Income,Purchase,USD,2026-08-06,250000,159983.74,CUSTODIAN
TXN000995,ACCT0021,037833100,Apple Inc,Equity,Dividend,USD,2026-07-24,1000,19.67,CUSTODIAN
TXN000996,ACCT0080,3130AW2V1,Federal Home Loan Mortgage Corp,Fixed Income,Dividend,USD,2026-08-10,10000,138.08,CUSTODIAN
TXN000997,ACCT0019,3133EPH56,Federal Home Loan Bank Note,Fixed Income,Principal Paydown,EUR,2026-07-25,50000,32325.08,CUSTODIAN
TXN000998,ACCT0049,3130AW2V1,Federal Home Loan Mortgage Corp,Fixed Income,Interest,USD,2026-07-01,100000,2874.33,CUSTODIAN
TXN000999,ACCT0048,3130AW2V1,Federal Home Loan Mortgage Corp,Fixed Income,Principal Paydown,USD,2026-08-13,25000,4335.52,CUSTODIAN
TXN001000,ACCT0027,3622A2LQ8,GNMA Pool,MBS,Purchase,USD,2026-07-10,50000,33843.02,CUSTODIAN
CUSTONLY0001,ACCT0042,459200101,IBM Corp,Equity,Purchase,EUR,2026-07-30,5000,2635.72,CUSTODIAN
CUSTONLY0002,ACCT0059,3622A2LQ8,GNMA Pool,MBS,Principal Paydown,USD,2026-07-06,50000,12231.43,CUSTODIAN
CUSTONLY0003,ACCT0044,3622A2LQ8,GNMA Pool,MBS,Principal Paydown,USD,2026-07-16,100000,10055.27,CUSTODIAN
CUSTONLY0004,ACCT0042,3140QY4L2,FNMA Pool,MBS,Maturity,USD,2026-07-13,25000,15631.08,CUSTODIAN
CUSTONLY0005,ACCT0036,037833100,Apple Inc,Equity,Principal Paydown,USD,2026-07-22,100,46.67,CUSTODIAN
CUSTONLY0006,ACCT0006,3622A2LQ8,GNMA Pool,MBS,Sale,USD,2026-07-09,50000,50371.26,CUSTODIAN
CUSTONLY0007,ACCT0086,3140QY4L2,FNMA Pool,MBS,Sale,USD,2026-08-13,100000,71832.39,CUSTODIAN
CUSTONLY0008,ACCT0094,3622A2LQ8,GNMA Pool,MBS,Maturity,USD,2026-07-28,500000,324026.22,CUSTODIAN
CUSTONLY0009,ACCT0009,3622A2LQ8,GNMA Pool,MBS,Maturity,USD,2026-07-18,100000,77173.1,CUSTODIAN
CUSTONLY0010,ACCT0042,459200101,IBM Corp,Equity,Sale,USD,2026-07-19,5000,1939.38,CUSTODIAN
TXN000003,ACCT0065,3133EPH56,Federal Home Loan Bank Note,Fixed Income,Purchase,USD,2026-08-05,50000,47272.34,CUSTODIAN
TXN000061,ACCT0097,037833100,Apple Inc,Equity,Sale,USD,2026-07-25,2500,1313.7,CUSTODIAN
TXN000070,ACCT0053,91282CJL6,US Treasury Note 4.25%,Fixed Income,Principal Paydown,USD,2026-07-27,500000,49380.04,CUSTODIAN
TXN000014,ACCT0056,3622A2LQ8,GNMA Pool,MBS,Purchase,USD,2026-07-05,250000,141385.96,CUSTODIAN
TXN000023,ACCT0081,3140QY4L2,FNMA Pool,MBS,Dividend,USD,2026-07-21,10000,136.26,CUSTODIAN
