transaction_id,account,cusip,security_name,asset_type,transaction_type,currency,pay_date,quantity_face,cash_amount,source
TXN000001,ACCT0009,91282CJL6,US Treasury Note 4.25%,Fixed Income,Sale,USD,2026-07-20,250000,219013.17,INTERNAL
TXN000002,ACCT0052,037833100,Apple Inc,Equity,Purchase,USD,2026-08-04,2500,2005.53,INTERNAL
TXN000003,ACCT0065,3133EPH56,Federal Home Loan Bank Note,Fixed Income,Purchase,USD,2026-08-05,50000,47272.34,INTERNAL
TXN000004,ACCT0089,3622A2LQ8,GNMA Pool,MBS,Maturity,USD,2026-07-11,100000,56656.73,INTERNAL
TXN000005,ACCT0036,91282CJL6,US Treasury Note 4.25%,Fixed Income,Principal Paydown,GBP,2026-08-01,250000,193433.33,INTERNAL
TXN000006,ACCT0050,3140QY4L2,FNMA Pool,MBS,Dividend,USD,2026-08-05,250000,4933.85,INTERNAL
TXN000007,ACCT0097,91282CJL6,US Treasury Note 4.25%,Fixed Income,Sale,USD,2026-07-17,250000,190041.97,INTERNAL
TXN000008,ACCT0013,459200101,IBM Corp,Equity,Maturity,USD,2026-07-21,500,97.44,INTERNAL
TXN000009,ACCT0017,3130AW2V1,Federal Home Loan Mortgage Corp,Fixed Income,Principal Paydown,USD,2026-07-31,100000,44702.07,INTERNAL
TXN000010,ACCT0090,594918104,Microsoft Corp,Equity,Interest,USD,2026-08-07,2500,41.81,INTERNAL
TXN000011,ACCT0001,3130AW2V1,Federal Home Loan Mortgage Corp,Fixed Income,Purchase,USD,2026-08-06,10000,2055.07,INTERNAL
TXN000012,ACCT0046,594918104,Microsoft Corp,Equity,Purchase,USD,2026-07-26,2500,1991.96,INTERNAL
TXN000013,ACCT0086,91282CJL6,US Treasury Note 4.25%,Fixed Income,Interest,USD,2026-07-06,25000,497.54,INTERNAL
TXN000014,ACCT0056,3622A2LQ8,GNMA Pool,MBS,Purchase,USD,2026-07-05,250000,141385.96,INTERNAL
TXN000015,ACCT0100,3622A2LQ8,GNMA Pool,MBS,Interest,USD,2026-07-20,50000,876.2,INTERNAL
TXN000016,ACCT0044,594918104,Microsoft Corp,Equity,Sale,USD,2026-07-13,5000,1504.39,INTERNAL
TXN000017,ACCT0042,037833100,Apple Inc,Equity,Purchase,USD,2026-07-30,5000,2078.51,INTERNAL
TXN000018,ACCT0070,594918104,Microsoft Corp,Equity,Maturity,USD,2026-07-05,100,73.74,INTERNAL
TXN000019,ACCT0045,3140QY4L2,FNMA Pool,MBS,Dividend,USD,2026-07-23,100000,2846.02,INTERNAL
TXN000020,ACCT0096,3133EPH56,Federal Home Loan Bank Note,Fixed Income,Principal Paydown,USD,2026-07-29,250000,92581.31,INTERNAL
TXN000021,ACCT0070,91282CJL6,US Treasury Note 4.25%,Fixed Income,Maturity,USD,2026-07-23,1000000,926935.14,INTERNAL
TXN000022,ACCT0028,594918104,Microsoft Corp,Equity,Dividend,USD,2026-08-03,2500,47.69,INTERNAL
TXN000023,ACCT0081,3140QY4L2,FNMA Pool,MBS,Dividend,USD,2026-07-21,10000,136.26,INTERNAL
TXN000024,ACCT0072,3622A2LQ8,GNMA Pool,MBS,Maturity,USD,2026-07-23,500000,387086.44,INTERNAL
TXN000025,ACCT0063,3130AW2V1,Federal Home Loan Mortgage Corp,Fixed Income,Purchase,USD,2026-07-27,10000,6635.44,INTERNAL
TXN000026,ACCT0033,91282CJL6,US Treasury Note 4.25%,Fixed Income,Sale,USD,2026-07-09,10000,5048.83,INTERNAL
TXN000027,ACCT0059,037833100,Apple Inc,Equity,Interest,USD,2026-08-14,1000,37.15,INTERNAL
TXN000028,ACCT0042,3622A2LQ8,GNMA Pool,MBS,Purchase,USD,2026-07-02,50000,48890.66,INTERNAL
TXN000029,ACCT0094,3140QY4L2,FNMA Pool,MBS,Interest,USD,2026-07-20,10000,206.47,INTERNAL
TXN000030,ACCT0055,3622A2LQ8,GNMA Pool,MBS,Maturity,USD,2026-07-13,500000,169768.62,INTERNAL
TXN000031,ACCT0090,3622A2LQ8,GNMA Pool,MBS,Principal Paydown,USD,2026-07-01,10000,8431.65,INTERNAL
TXN000032,ACCT0012,3130AW2V1,Federal Home Loan Mortgage Corp,Fixed Income,Purchase,USD,2026-07-05,50000,34317.02,INTERNAL
TXN000033,ACCT0011,3130AW2V1,Federal Home Loan Mortgage Corp,Fixed Income,Sale,EUR,2026-07-15,500000,392241.57,INTERNAL
TXN000034,ACCT0038,459200101,IBM Corp,Equity,Principal Paydown,USD,2026-07-25,100,56.68,INTERNAL
TXN000035,ACCT0064,3140QY4L2,FNMA Pool,MBS,Sale,USD,2026-07-15,1000000,972051.58,INTERNAL
TXN000036,ACCT0005,3130AW2V1,Federal Home Loan Mortgage Corp,Fixed Income,Dividend,USD,2026-07-24,25000,206.38,INTERNAL
TXN000037,ACCT0090,459200101,IBM Corp,Equity,Dividend,USD,2026-07-11,5000,179.25,INTERNAL
TXN000038,ACCT0042,3140QY4L2,FNMA Pool,MBS,Principal Paydown,USD,2026-08-04,10000,6755.71,INTERNAL
TXN000039,ACCT0094,3130AW2V1,Federal Home Loan Mortgage Corp,Fixed Income,Sale,USD,2026-07-01,500000,134592.4,INTERNAL
TXN000040,ACCT0037,91282CJL6,US Treasury Note 4.25%,Fixed Income,Interest,USD,2026-08-07,10000,88.12,INTERNAL
TXN000041,ACCT0098,3622A2LQ8,GNMA Pool,MBS,Interest,USD,2026-07-15,25000,788.53,INTERNAL
TXN000042,ACCT0002,3140QY4L2,FNMA Pool,MBS,Interest,USD,2026-07-01,1000000,7009.24,INTERNAL
TXN000043,ACCT0042,037833100,Apple Inc,Equity,Principal Paydown,USD,2026-08-01,5000,2967.88,INTERNAL
TXN000044,ACCT0013,3133EPH56,Federal Home Loan Bank Note,Fixed Income,Interest,EUR,2026-07-20,500000,3490.1,INTERNAL
TXN000045,ACCT0051,91282CJL6,US Treasury Note 4.25%,Fixed Income,Maturity,GBP,2026-07-14,1000000,499378.56,INTERNAL
TXN000046,ACCT0060,037833100,Apple Inc,Equity,Purchase,USD,2026-08-11,5000,136.53,INTERNAL
TXN000047,ACCT0097,3622A2LQ8,GNMA Pool,MBS,Dividend,USD,2026-07-01,10000,179.26,INTERNAL
TXN000048,ACCT0085,3133EPH56,Federal Home Loan Bank Note,Fixed Income,Dividend,USD,2026-08-06,500000,15910.51,INTERNAL
TXN000049,ACCT0024,91282CJL6,US Treasury Note 4.25%,Fixed Income,Principal Paydown,USD,2026-07-21,500000,406579.9,INTERNAL
TXN000050,ACCT0042,594918104,Microsoft Corp,Equity,Purchase,USD,2026-07-14,5000,3079.82,INTERNAL
TXN000051,ACCT0046,459200101,IBM Corp,Equity,Maturity,USD,2026-07-13,1000,885.11,INTERNAL
TXN000052,ACCT0096,3130AW2V1,Federal Home Loan Mortgage Corp,Fixed Income,Principal Paydown,USD,2026-08-03,1000000,833267.0,INTERNAL
TXN000053,ACCT0083,91282CJL6,US Treasury Note 4.25%,Fixed Income,Maturity,USD,2026-07-09,250000,37701.09,INTERNAL
TXN000054,ACCT0016,459200101,IBM Corp,Equity,Interest,USD,2026-07-26,5000,64.1,INTERNAL
TXN000055,ACCT0043,3622A2LQ8,GNMA Pool,MBS,Interest,USD,2026-07-03,250000,1007.13,INTERNAL
TXN000056,ACCT0051,3622A2LQ8,GNMA Pool,MBS,Sale,USD,2026-08-14,50000,16285.75,INTERNAL
TXN000057,ACCT0025,594918104,Microsoft Corp,Equity,Dividend,USD,2026-07-11,100,1.1,INTERNAL
TXN000058,ACCT0053,459200101,IBM Corp,Equity,Maturity,USD,2026-08-11,100,38.23,INTERNAL
TXN000059,ACCT0084,91282CJL6,US Treasury Note 4.25%,Fixed Income,Dividend,EUR,2026-07-03,10000,57.66,INTERNAL
TXN000060,ACCT0063,594918104,Microsoft Corp,Equity,Principal Paydown,USD,2026-08-06,250,198.88,INTERNAL
TXN000061,ACCT0097,037833100,Apple Inc,Equity,Sale,USD,2026-07-25,2500,1313.7,INTERNAL
TXN000062,ACCT0007,594918104,Microsoft Corp,Equity,Sale,USD,2026-07-29,2500,683.15,INTERNAL
TXN000063,ACCT0037,3133EPH56,Federal Home Loan Bank Note,Fixed Income,Interest,USD,2026-07-23,50000,798.27,INTERNAL
TXN000064,ACCT0080,3140QY4L2,FNMA Pool,MBS,Maturity,EUR,2026-07-31,25000,7605.51,INTERNAL
TXN000065,ACCT0049,459200101,IBM Corp,Equity,Dividend,USD,2026-07-15,2500,85.61,INTERNAL
TXN000066,ACCT0018,037833100,Apple Inc,Equity,Purchase,USD,2026-07-29,2500,738.36,INTERNAL
TXN000067,ACCT0096,037833100,Apple Inc,Equity,Purchase,USD,2026-08-08,1000,136.48,INTERNAL
TXN000068,ACCT0094,3622A2LQ8,GNMA Pool,MBS,Purchase,USD,2026-07-24,500000,44007.05,INTERNAL
TXN000069,ACCT0080,459200101,IBM Corp,Equity,Dividend,EUR,2026-08-14,2500,79.35,INTERNAL
TXN000070,ACCT0053,91282CJL6,US Treasury Note 4.25%,Fixed Income,Principal Paydown,USD,2026-07-27,500000,49380.04,INTERNAL
TXN000071,ACCT0053,3622A2LQ8,GNMA Pool,MBS,Interest,USD,2026-07-31,100000,1970.74,INTERNAL
TXN000072,ACCT0094,459200101,IBM Corp,Equity,Sale,USD,2026-07-07,500,306.19,INTERNAL
TXN000073,ACCT0078,594918104,Microsoft Corp,Equity,Interest,USD,2026-08-11,100,1.79,INTERNAL
TXN000074,ACCT0028,037833100,Apple Inc,Equity,Maturity,USD,2026-07-29,5000,3891.29,INTERNAL
TXN000075,ACCT0009,3622A2LQ8,GNMA Pool,MBS,Principal Paydown,USD,2026-07-08,50000,7622.17,INTERNAL
TXN000076,ACCT0095,459200101,IBM Corp,Equity,Sale,USD,2026-08-02,100,56.49,INTERNAL
TXN000077,ACCT0001,459200101,IBM Corp,Equity,Purchase,GBP,2026-07-17,100,100.64,INTERNAL
TXN000078,ACCT0013,037833100,Apple Inc,Equity,Maturity,USD,2026-08-08,250,162.64,INTERNAL
TXN000079,ACCT0083,91282CJL6,US Treasury Note 4.25%,Fixed Income,Interest,USD,2026-08-02,250000,4816.02,INTERNAL
TXN000080,ACCT0092,459200101,IBM Corp,Equity,Maturity,USD,2026-07-24,500,154.68,INTERNAL
TXN000081,ACCT0078,3622A2LQ8,GNMA Pool,MBS,Interest,USD,2026-08-14,50000,639.43,INTERNAL
TXN000082,ACCT0063,594918104,Microsoft Corp,Equity,Purchase,EUR,2026-07-30,100,66.38,INTERNAL
TXN000083,ACCT0078,91282CJL6,US Treasury Note 4.25%,Fixed Income,Dividend,USD,2026-08-08,10000,74.35,INTERNAL
TXN000084,ACCT0016,91282CJL6,US Treasury Note 4.25%,Fixed Income,Dividend,USD,2026-07-30,50000,110.32,INTERNAL
TXN000085,ACCT0006,91282CJL6,US Treasury Note 4.25%,Fixed Income,Dividend,USD,2026-07-12,500000,17138.77,INTERNAL
TXN000086,ACCT0005,459200101,IBM Corp,Equity,Dividend,USD,2026-07-21,2500,84.61,INTERNAL
TXN000087,ACCT0009,91282CJL6,US Treasury Note 4.25%,Fixed Income,Interest,USD,2026-07-23,250000,6485.11,INTERNAL
TXN000088,ACCT0010,594918104,Microsoft Corp,Equity,Sale,GBP,2026-07-09,100,27.76,INTERNAL
TXN000089,ACCT0001,037833100,Apple Inc,Equity,Sale,EUR,2026-07-03,1000,629.4,INTERNAL
TXN000090,ACCT0010,91282CJL6,US Treasury Note 4.25%,Fixed Income,Maturity,USD,2026-07-17,250000,44561.04,INTERNAL
TXN000091,ACCT0088,3140QY4L2,FNMA Pool,MBS,Dividend,USD,2026-07-21,250000,6545.88,INTERNAL
TXN000092,ACCT0058,3622A2LQ8,GNMA Pool,MBS,Principal Paydown,USD,2026-07-19,1000000,308766.8,INTERNAL
TXN000093,ACCT0047,3130AW2V1,Federal Home Loan Mortgage Corp,Fixed Income,Purchase,USD,2026-08-12,100000,15311.09,INTERNAL
TXN000094,ACCT0028,3622A2LQ8,GNMA Pool,MBS,Dividend,USD,2026-08-12,100000,709.56,INTERNAL
TXN000095,ACCT0098,3622A2LQ8,GNMA Pool,MBS,Maturity,USD,2026-07-28,500000,324026.22,INTERNAL
TXN000096,ACCT0004,3140QY4L2,FNMA Pool,MBS,Dividend,USD,2026-08-11,25000,351.19,INTERNAL
TXN000097,ACCT0036,3140QY4L2,FNMA Pool,MBS,Maturity,USD,2026-07-11,25000,14619.05,INTERNAL
TXN000098,ACCT0032,3622A2LQ8,GNMA Pool,MBS,Purchase,USD,2026-07-28,250000,166544.21,INTERNAL
TXN000099,ACCT0053,3130AW2V1,Federal Home Loan Mortgage Corp,Fixed Income,Purchase,USD,2026-07-20,25000,15982.02,INTERNAL
TXN000100,ACCT0093,3130AW2V1,Federal Home Loan Mortgage Corp,Fixed Income,Sale,USD,2026-07-06,500000,452179.07,INTERNAL
TXN000101,ACCT0084,037833100,Apple Inc,Equity,Purchase,USD,2026-07-24,2500,805.28,INTERNAL
TXN000102,ACCT0008,91282CJL6,US Treasury Note 4.25%,Fixed Income,Interest,USD,2026-07-04,10000,41.12,INTERNAL
TXN000103,ACCT0075,3130AW2V1,Federal Home Loan Mortgage Corp,Fixed Income,Maturity,USD,2026-07-03,25000,8038.59,INTERNAL
TXN000104,ACCT0071,3140QY4L2,FNMA Pool,MBS,Sale,USD,2026-08-08,250000,95240.57,INTERNAL
TXN000105,ACCT0096,3133EPH56,Federal Home Loan Bank Note,Fixed Income,Sale,GBP,2026-07-23,10000,3734.88,INTERNAL
TXN000106,ACCT0015,3140QY4L2,FNMA Pool,MBS,Sale,USD,2026-07-14,50000,35102.15,INTERNAL
TXN000107,ACCT0047,037833100,Apple Inc,Equity,Dividend,USD,2026-07-01,500,10.98,INTERNAL
TXN000108,ACCT0056,3133EPH56,Federal Home Loan Bank Note,Fixed Income,Maturity,USD,2026-08-13,500000,504468.7,INTERNAL
TXN000109,ACCT0009,594918104,Microsoft Corp,Equity,Dividend,USD,2026-07-15,100,1.69,INTERNAL
TXN000110,ACCT0031,91282CJL6,US Treasury Note 4.25%,Fixed Income,Maturity,EUR,2026-07-22,100000,15538.51,INTERNAL
TXN000111,ACCT0050,3133EPH56,Federal Home Loan Bank Note,Fixed Income,Dividend,USD,2026-07-09,10000,130.98,INTERNAL
TXN000112,ACCT0085,037833100,Apple Inc,Equity,Maturity,USD,2026-08-07,100,25.01,INTERNAL
TXN000113,ACCT0062,3622A2LQ8,GNMA Pool,MBS,Purchase,USD,2026-07-31,50000,38931.76,INTERNAL
TXN000114,ACCT0085,91282CJL6,US Treasury Note 4.25%,Fixed Income,Sale,USD,2026-08-11,100000,34654.87,INTERNAL
TXN000115,ACCT0044,3622A2LQ8,GNMA Pool,MBS,Sale,USD,2026-08-08,250000,128969.43,INTERNAL
TXN000116,ACCT0052,459200101,IBM Corp,Equity,Interest,USD,2026-07-16,500,11.1,INTERNAL
TXN000117,ACCT0034,91282CJL6,US Treasury Note 4.25%,Fixed Income,Dividend,USD,2026-07-01,1000000,8745.25,INTERNAL
TXN000118,ACCT0015,3130AW2V1,Federal Home Loan Mortgage Corp,Fixed Income,Interest,USD,2026-08-11,250000,3421.58,INTERNAL
TXN000119,ACCT0064,3622A2LQ8,GNMA Pool,MBS,Maturity,GBP,2026-07-24,25000,17942.2,INTERNAL
TXN000120,ACCT0091,594918104,Microsoft Corp,Equity,Purchase,USD,2026-07-30,500,388.57,INTERNAL
TXN000121,ACCT0051,3130AW2V1,Federal Home Loan Mortgage Corp,Fixed Income,Dividend,USD,2026-08-05,250000,1583.99,INTERNAL
TXN000122,ACCT0011,037833100,Apple Inc,Equity,Purchase,USD,2026-07-30,5000,4946.36,INTERNAL
TXN000123,ACCT0001,459200101,IBM Corp,Equity,Sale,USD,2026-08-03,5000,1773.65,INTERNAL
TXN000124,ACCT0099,91282CJL6,US Treasury Note 4.25%,Fixed Income,Purchase,USD,2026-08-09,500000,250257.17,INTERNAL
TXN000125,ACCT0023,3130AW2V1,Federal Home Loan Mortgage Corp,Fixed Income,Dividend,USD,2026-07-19,25000,130.58,INTERNAL
TXN000126,ACCT0004,3622A2LQ8,GNMA Pool,MBS,Principal Paydown,USD,2026-07-11,1000000,839389.59,INTERNAL
TXN000127,ACCT0078,459200101,IBM Corp,Equity,Interest,USD,2026-07-30,100,2.91,INTERNAL
TXN000128,ACCT0024,037833100,Apple Inc,Equity,Sale,USD,2026-08-10,2500,129.61,INTERNAL
TXN000129,ACCT0054,3133EPH56,Federal Home Loan Bank Note,Fixed Income,Dividend,USD,2026-07-01,100000,2773.69,INTERNAL
TXN000130,ACCT0024,91282CJL6,US Treasury Note 4.25%,Fixed Income,Sale,USD,2026-07-12,1000000,685701.84,INTERNAL
TXN000131,ACCT0071,3622A2LQ8,GNMA Pool,MBS,Maturity,USD,2026-08-08,500000,153162.32,INTERNAL
TXN000132,ACCT0009,3622A2LQ8,GNMA Pool,MBS,Interest,USD,2026-07-31,25000,228.21,INTERNAL
TXN000133,ACCT0064,3140QY4L2,FNMA Pool,MBS,Sale,USD,2026-08-06,50000,50936.04,INTERNAL
TXN000134,ACCT0100,3130AW2V1,Federal Home Loan Mortgage Corp,Fixed Income,Purchase,USD,2026-07-09,10000,5872.2,INTERNAL
TXN000135,ACCT0050,037833100,Apple Inc,Equity,Purchase,USD,2026-07-10,500,466.89,INTERNAL
TXN000136,ACCT0056,91282CJL6,US Treasury Note 4.25%,Fixed Income,Maturity,USD,2026-07-04,10000,2076.15,INTERNAL
TXN000137,ACCT0096,91282CJL6,US Treasury Note 4.25%,Fixed Income,Dividend,USD,2026-08-09,250000,4493.63,INTERNAL
TXN000138,ACCT0039,3622A2LQ8,GNMA Pool,MBS,Purchase,USD,2026-07-13,1000000,915142.74,INTERNAL
TXN000139,ACCT0060,3133EPH56,Federal Home Loan Bank Note,Fixed Income,Dividend,USD,2026-07-10,1000000,30208.08,INTERNAL
TXN000140,ACCT0018,91282CJL6,US Treasury Note 4.25%,Fixed Income,Principal Paydown,USD,2026-07-11,500000,165148.6,INTERNAL
TXN000141,ACCT0079,3133EPH56,Federal Home Loan Bank Note,Fixed Income,Interest,USD,2026-07-27,25000,802.38,INTERNAL
TXN000142,ACCT0082,594918104,Microsoft Corp,Equity,Maturity,EUR,2026-07-12,5000,3443.7,INTERNAL
TXN000143,ACCT0032,3130AW2V1,Federal Home Loan Mortgage Corp,Fixed Income,Sale,USD,2026-07-09,100000,57428.98,INTERNAL
TXN000144,ACCT0044,91282CJL6,US Treasury Note 4.25%,Fixed Income,Principal Paydown,USD,2026-08-12,1000000,523961.24,INTERNAL
TXN000145,ACCT0007,459200101,IBM Corp,Equity,Dividend,USD,2026-07-26,100,1.14,INTERNAL
TXN000146,ACCT0086,3130AW2V1,Federal Home Loan Mortgage Corp,Fixed Income,Purchase,USD,2026-07-15,500000,26938.89,INTERNAL
TXN000147,ACCT0021,91282CJL6,US Treasury Note 4.25%,Fixed Income,Sale,USD,2026-07-21,10000,7127.57,INTERNAL
TXN000148,ACCT0029,3140QY4L2,FNMA Pool,MBS,Maturity,USD,2026-07-19,25000,92.27,INTERNAL
TXN000149,ACCT0034,91282CJL6,US Treasury Note 4.25%,Fixed Income,Interest,USD,2026-07-02,10000,206.01,INTERNAL
TXN000150,ACCT0023,3622A2LQ8,GNMA Pool,MBS,Sale,USD,2026-08-07,100000,26703.48,INTERNAL
TXN000151,ACCT0034,3130AW2V1,Federal Home Loan Mortgage Corp,Fixed Income,Dividend,EUR,2026-08-03,100000,1067.36,INTERNAL
TXN000152,ACCT0061,3140QY4L2,FNMA Pool,MBS,Interest,USD,2026-07-21,100000,771.73,INTERNAL
TXN000153,ACCT0004,91282CJL6,US Treasury Note 4.25%,Fixed Income,Interest,USD,2026-08-06,1000000,9156.24,INTERNAL
TXN000154,ACCT0060,037833100,Apple Inc,Equity,Purchase,USD,2026-07-11,250,145.36,INTERNAL
TXN000155,ACCT0090,3140QY4L2,FNMA Pool,MBS,Interest,USD,2026-08-08,25000,204.61,INTERNAL
TXN000156,ACCT0097,594918104,Microsoft Corp,Equity,Principal Paydown,GBP,2026-08-11,250,116.16,INTERNAL
TXN000157,ACCT0080,3622A2LQ8,GNMA Pool,MBS,Interest,USD,2026-07-25,50000,704.96,INTERNAL
TXN000158,ACCT0083,3130AW2V1,Federal Home Loan Mortgage Corp,Fixed Income,Principal Paydown,USD,2026-07-19,100000,32535.31,INTERNAL
TXN000159,ACCT0017,91282CJL6,US Treasury Note 4.25%,Fixed Income,Sale,USD,2026-08-01,50000,1068.84,INTERNAL
TXN000160,ACCT0090,594918104,Microsoft Corp,Equity,Sale,USD,2026-07-06,2500,812.15,INTERNAL
TXN000161,ACCT0080,3133EPH56,Federal Home Loan Bank Note,Fixed Income,Interest,GBP,2026-07-07,500000,4285.93,INTERNAL
TXN000162,ACCT0100,3622A2LQ8,GNMA Pool,MBS,Principal Paydown,USD,2026-07-25,10000,188.78,INTERNAL
TXN000163,ACCT0017,3140QY4L2,FNMA Pool,MBS,Interest,USD,2026-08-10,250000,5593.9,INTERNAL
TXN000164,ACCT0030,3622A2LQ8,GNMA Pool,MBS,Sale,USD,2026-07-06,10000,6072.7,INTERNAL
TXN000165,ACCT0088,459200101,IBM Corp,Equity,Dividend,USD,2026-08-08,100,1.08,INTERNAL
TXN000166,ACCT0076,3622A2LQ8,GNMA Pool,MBS,Purchase,USD,2026-07-25,25000,10132.44,INTERNAL
TXN000167,ACCT0015,037833100,Apple Inc,Equity,Sale,USD,2026-08-04,250,250.78,INTERNAL
TXN000168,ACCT0041,3140QY4L2,FNMA Pool,MBS,Dividend,USD,2026-07-20,10000,217.69,INTERNAL
TXN000169,ACCT0097,594918104,Microsoft Corp,Equity,Dividend,USD,2026-07-17,500,3.84,INTERNAL
TXN000170,ACCT0022,037833100,Apple Inc,Equity,Principal Paydown,USD,2026-07-11,5000,4655.05,INTERNAL
TXN000171,ACCT0052,459200101,IBM Corp,Equity,Sale,USD,2026-07-19,5000,1939.38,INTERNAL
TXN000172,ACCT0011,037833100,Apple Inc,Equity,Sale,EUR,2026-07-20,2500,1455.48,INTERNAL
TXN000173,ACCT0075,037833100,Apple Inc,Equity,Dividend,USD,2026-07-20,2500,24.42,INTERNAL
TXN000174,ACCT0063,3133EPH56,Federal Home Loan Bank Note,Fixed Income,Dividend,USD,2026-07-17,1000000,35727.7,INTERNAL
TXN000175,ACCT0041,3140QY4L2,FNMA Pool,MBS,Maturity,USD,2026-07-18,250000,148361.8,INTERNAL
TXN000176,ACCT0037,3622A2LQ8,GNMA Pool,MBS,Dividend,USD,2026-07-22,100000,1633.38,INTERNAL
TXN000177,ACCT0034,3140QY4L2,FNMA Pool,MBS,Principal Paydown,GBP,2026-07-03,25000,17472.1,INTERNAL
TXN000178,ACCT0089,037833100,Apple Inc,Equity,Principal Paydown,USD,2026-07-27,100,76.91,INTERNAL
TXN000179,ACCT0006,3140QY4L2,FNMA Pool,MBS,Principal Paydown,USD,2026-07-09,1000000,533408.52,INTERNAL
TXN000180,ACCT0066,3140QY4L2,FNMA Pool,MBS,Interest,USD,2026-07-12,10000,384.55,INTERNAL
TXN000181,ACCT0088,459200101,IBM Corp,Equity,Interest,EUR,2026-07-14,250,7.77,INTERNAL
TXN000182,ACCT0042,91282CJL6,US Treasury Note 4.25%,Fixed Income,Dividend,USD,2026-08-14,250000,1182.31,INTERNAL
TXN000183,ACCT0085,3133EPH56,Federal Home Loan Bank Note,Fixed Income,Principal Paydown,USD,2026-08-06,100000,10072.35,INTERNAL
TXN000184,ACCT0046,3140QY4L2,FNMA Pool,MBS,Purchase,USD,2026-07-08,100000,25981.41,INTERNAL
TXN000185,ACCT0030,3133EPH56,Federal Home Loan Bank Note,Fixed Income,Maturity,USD,2026-08-03,250000,187590.44,INTERNAL
TXN000186,ACCT0021,594918104,Microsoft Corp,Equity,Maturity,EUR,2026-07-02,2500,1970.64,INTERNAL
TXN000187,ACCT0018,3140QY4L2,FNMA Pool,MBS,Interest,USD,2026-08-10,25000,301.31,INTERNAL
TXN000188,ACCT0088,594918104,Microsoft Corp,Equity,Purchase,USD,2026-07-21,100,25.17,INTERNAL
TXN000189,ACCT0072,037833100,Apple Inc,Equity,Purchase,USD,2026-07-16,2500,1356.01,INTERNAL
TXN000190,ACCT0089,3133EPH56,Federal Home Loan Bank Note,Fixed Income,Principal Paydown,USD,2026-07-04,25000,23973.48,INTERNAL
TXN000191,ACCT0040,3130AW2V1,Federal Home Loan Mortgage Corp,Fixed Income,Purchase,USD,2026-07-23,25000,13532.03,INTERNAL
TXN000192,ACCT0096,3622A2LQ8,GNMA Pool,MBS,Maturity,USD,2026-07-09,10000,1299.26,INTERNAL
TXN000193,ACCT0026,594918104,Microsoft Corp,Equity,Dividend,USD,2026-07-08,100,0.99,INTERNAL
TXN000194,ACCT0008,3140QY4L2,FNMA Pool,MBS,Interest,USD,2026-08-11,25000,627.72,INTERNAL
TXN000195,ACCT0099,3140QY4L2,FNMA Pool,MBS,Purchase,USD,2026-08-07,100000,19260.92,INTERNAL
TXN000196,ACCT0093,594918104,Microsoft Corp,Equity,Sale,USD,2026-08-07,500,78.81,INTERNAL
TXN000197,ACCT0006,3622A2LQ8,GNMA Pool,MBS,Interest,USD,2026-07-16,1000000,25662.93,INTERNAL
TXN000198,ACCT0029,594918104,Microsoft Corp,Equity,Sale,USD,2026-08-11,250,111.97,INTERNAL
TXN000199,ACCT0040,037833100,Apple Inc,Equity,Purchase,USD,2026-07-13,250,16.3,INTERNAL
TXN000200,ACCT0040,3140QY4L2,FNMA Pool,MBS,Maturity,EUR,2026-07-23,25000,16141.6,INTERNAL
TXN000201,ACCT0066,037833100,Apple Inc,Equity,Principal Paydown,USD,2026-07-14,2500,1178.5,INTERNAL
TXN000202,ACCT0056,91282CJL6,US Treasury Note 4.25%,Fixed Income,Maturity,USD,2026-08-12,250000,87720.62,INTERNAL
TXN000203,ACCT0090,3133EPH56,Federal Home Loan Bank Note,Fixed Income,Dividend,USD,2026-07-14,500000,9543.02,INTERNAL
TXN000204,ACCT0037,3130AW2V1,Federal Home Loan Mortgage Corp,Fixed Income,Dividend,USD,2026-07-24,100000,1349.43,INTERNAL
TXN000205,ACCT0015,459200101,IBM Corp,Equity,Sale,USD,2026-07-19,500,286.97,INTERNAL
TXN000206,ACCT0041,037833100,Apple Inc,Equity,Sale,USD,2026-07-19,250,165.18,INTERNAL
TXN000207,ACCT0010,3130AW2V1,Federal Home Loan Mortgage Corp,Fixed Income,Maturity,USD,2026-08-07,100000,13007.15,INTERNAL
TXN000208,ACCT0089,3133EPH56,Federal Home Loan Bank Note,Fixed Income,Purchase,USD,2026-07-30,500000,11061.12,INTERNAL
TXN000209,ACCT0067,3130AW2V1,Federal Home Loan Mortgage Corp,Fixed Income,Interest,USD,2026-08-11,500000,5686.93,INTERNAL
TXN000210,ACCT0068,594918104,Microsoft Corp,Equity,Principal Paydown,EUR,2026-07-13,100,29.06,INTERNAL
TXN000211,ACCT0096,037833100,Apple Inc,Equity,Principal Paydown,USD,2026-08-04,1000,716.02,INTERNAL
TXN000212,ACCT0098,037833100,Apple Inc,Equity,Principal Paydown,USD,2026-08-02,1000,328.26,INTERNAL
TXN000213,ACCT0071,3140QY4L2,FNMA Pool,MBS,Sale,USD,2026-07-02,100000,40926.26,INTERNAL
TXN000214,ACCT0033,459200101,IBM Corp,Equity,Maturity,USD,2026-08-12,250,217.84,INTERNAL
TXN000215,ACCT0034,3130AW2V1,Federal Home Loan Mortgage Corp,Fixed Income,Sale,USD,2026-08-06,100000,64558.21,INTERNAL
TXN000216,ACCT0003,3140QY4L2,FNMA Pool,MBS,Dividend,USD,2026-08-11,1000000,39171.77,INTERNAL
TXN000217,ACCT0070,037833100,Apple Inc,Equity,Principal Paydown,USD,2026-07-22,100,46.67,INTERNAL
TXN000218,ACCT0059,3133EPH56,Federal Home Loan Bank Note,Fixed Income,Purchase,USD,2026-07-21,50000,13222.45,INTERNAL
TXN000219,ACCT0058,3130AW2V1,Federal Home Loan Mortgage Corp,Fixed Income,Principal Paydown,USD,2026-08-06,250000,219515.04,INTERNAL
TXN000220,ACCT0014,3133EPH56,Federal Home Loan Bank Note,Fixed Income,Interest,USD,2026-07-11,50000,1694.43,INTERNAL
TXN000221,ACCT0095,3622A2LQ8,GNMA Pool,MBS,Interest,USD,2026-07-18,10000,93.18,INTERNAL
TXN000222,ACCT0099,3133EPH56,Federal Home Loan Bank Note,Fixed Income,Maturity,USD,2026-07-14,250000,237923.25,INTERNAL
TXN000223,ACCT0067,459200101,IBM Corp,Equity,Interest,USD,2026-07-11,2500,89.06,INTERNAL
TXN000224,ACCT0056,037833100,Apple Inc,Equity,Sale,USD,2026-07-23,250,108.28,INTERNAL
TXN000225,ACCT0003,3130AW2V1,Federal Home Loan Mortgage Corp,Fixed Income,Sale,USD,2026-07-30,500000,505949.38,INTERNAL
TXN000226,ACCT0030,459200101,IBM Corp,Equity,Interest,USD,2026-08-02,2500,35.24,INTERNAL
TXN000227,ACCT0036,3140QY4L2,FNMA Pool,MBS,Principal Paydown,USD,2026-08-04,10000,6863.65,INTERNAL
TXN000228,ACCT0033,037833100,Apple Inc,Equity,Sale,USD,2026-07-18,2500,1065.41,INTERNAL
TXN000229,ACCT0015,037833100,Apple Inc,Equity,Sale,USD,2026-07-13,500,455.55,INTERNAL
TXN000230,ACCT0006,459200101,IBM Corp,Equity,Interest,USD,2026-07-23,100,0.46,INTERNAL
TXN000231,ACCT0034,91282CJL6,US Treasury Note 4.25%,Fixed Income,Maturity,USD,2026-08-04,500000,18732.72,INTERNAL
TXN000232,ACCT0027,037833100,Apple Inc,Equity,Maturity,USD,2026-07-07,100,87.83,INTERNAL
TXN000233,ACCT0055,594918104,Microsoft Corp,Equity,Maturity,USD,2026-07-05,100,40.36,INTERNAL
TXN000234,ACCT0072,037833100,Apple Inc,Equity,Principal Paydown,USD,2026-07-23,250,191.44,INTERNAL
TXN000235,ACCT0076,3140QY4L2,FNMA Pool,MBS,Maturity,USD,2026-07-30,25000,5353.25,INTERNAL
TXN000236,ACCT0040,594918104,Microsoft Corp,Equity,Interest,GBP,2026-07-03,250,8.32,INTERNAL
TXN000237,ACCT0088,594918104,Microsoft Corp,Equity,Interest,GBP,2026-07-09,1000,16.93,INTERNAL
TXN000238,ACCT0029,459200101,IBM Corp,Equity,Dividend,USD,2026-08-12,250,6.73,INTERNAL
TXN000239,ACCT0038,91282CJL6,US Treasury Note 4.25%,Fixed Income,Purchase,USD,2026-07-25,500000,422730.38,INTERNAL
TXN000240,ACCT0062,037833100,Apple Inc,Equity,Purchase,USD,2026-07-28,5000,2484.72,INTERNAL
TXN000241,ACCT0057,3130AW2V1,Federal Home Loan Mortgage Corp,Fixed Income,Principal Paydown,USD,2026-07-16,500000,421745.25,INTERNAL
TXN000242,ACCT0057,594918104,Microsoft Corp,Equity,Principal Paydown,USD,2026-07-21,1000,322.42,INTERNAL
TXN000243,ACCT0065,594918104,Microsoft Corp,Equity,Interest,USD,2026-08-04,100,3.6,INTERNAL
TXN000244,ACCT0006,594918104,Microsoft Corp,Equity,Dividend,USD,2026-07-22,500,18.78,INTERNAL
TXN000245,ACCT0003,3140QY4L2,FNMA Pool,MBS,Purchase,USD,2026-07-09,100000,69375.85,INTERNAL
TXN000246,ACCT0018,3133EPH56,Federal Home Loan Bank Note,Fixed Income,Maturity,USD,2026-07-24,25000,10808.58,INTERNAL
TXN000247,ACCT0036,037833100,Apple Inc,Equity,Dividend,USD,2026-07-24,250,1.03,INTERNAL
TXN000248,ACCT0093,459200101,IBM Corp,Equity,Purchase,USD,2026-07-02,250,226.59,INTERNAL
TXN000249,ACCT0086,594918104,Microsoft Corp,Equity,Interest,USD,2026-07-09,100,0.66,INTERNAL
TXN000250,ACCT0045,91282CJL6,US Treasury Note 4.25%,Fixed Income,Sale,USD,2026-07-24,250000,254154.35,INTERNAL
TXN000251,ACCT0081,91282CJL6,US Treasury Note 4.25%,Fixed Income,Interest,USD,2026-08-11,50000,1196.04,INTERNAL
TXN000252,ACCT0039,594918104,Microsoft Corp,Equity,Dividend,USD,2026-08-13,500,19.45,INTERNAL
TXN000253,ACCT0020,594918104,Microsoft Corp,Equity,Purchase,USD,2026-07-10,100,32.89,INTERNAL
TXN000254,ACCT0044,594918104,Microsoft Corp,Equity,Dividend,USD,2026-07-20,1000,17.53,INTERNAL
TXN000255,ACCT0028,3140QY4L2,FNMA Pool,MBS,Dividend,USD,2026-08-11,500000,7255.99,INTERNAL
TXN000256,ACCT0056,3140QY4L2,FNMA Pool,MBS,Maturity,USD,2026-07-16,100000,67261.1,INTERNAL
TXN000257,ACCT0017,459200101,IBM Corp,Equity,Maturity,USD,2026-07-14,500,49.17,INTERNAL
TXN000258,ACCT0076,459200101,IBM Corp,Equity,Maturity,USD,2026-08-04,250,143.7,INTERNAL
TXN000259,ACCT0011,3622A2LQ8,GNMA Pool,MBS,Sale,USD,2026-08-11,1000000,610147.63,INTERNAL
TXN000260,ACCT0093,037833100,Apple Inc,Equity,Purchase,USD,2026-07-18,5000,4712.65,INTERNAL
TXN000261,ACCT0057,3622A2LQ8,GNMA Pool,MBS,Purchase,USD,2026-08-11,10000,6946.66,INTERNAL
TXN000262,ACCT0021,3130AW2V1,Federal Home Loan Mortgage Corp,Fixed Income,Sale,USD,2026-08-08,25000,12683.82,INTERNAL
TXN000263,ACCT0088,3140QY4L2,FNMA Pool,MBS,Purchase,USD,2026-08-09,500000,169334.48,INTERNAL
TXN000264,ACCT0078,594918104,Microsoft Corp,Equity,Purchase,USD,2026-07-20,250,41.37,INTERNAL
TXN000265,ACCT0080,3133EPH56,Federal Home Loan Bank Note,Fixed Income,Purchase,USD,2026-08-13,25000,24573.11,INTERNAL
TXN000266,ACCT0039,594918104,Microsoft Corp,Equity,Dividend,USD,2026-08-09,5000,29.21,INTERNAL
TXN000267,ACCT0092,594918104,Microsoft Corp,Equity,Principal Paydown,USD,2026-08-14,1000,620.14,INTERNAL
TXN000268,ACCT0084,3140QY4L2,FNMA Pool,MBS,Interest,USD,2026-07-10,50000,1610.03,INTERNAL
TXN000269,ACCT0053,037833100,Apple Inc,Equity,Principal Paydown,USD,2026-08-12,5000,132.01,INTERNAL
TXN000270,ACCT0012,3140QY4L2,FNMA Pool,MBS,Sale,USD,2026-07-08,250000,170590.17,INTERNAL
TXN000271,ACCT0022,3140QY4L2,FNMA Pool,MBS,Interest,USD,2026-08-11,10000,218.46,INTERNAL
TXN000272,ACCT0052,3622A2LQ8,GNMA Pool,MBS,Principal Paydown,USD,2026-07-16,100000,10055.27,INTERNAL
TXN000273,ACCT0059,459200101,IBM Corp,Equity,Principal Paydown,USD,2026-08-13,500,42.09,INTERNAL
TXN000274,ACCT0021,037833100,Apple Inc,Equity,Dividend,GBP,2026-07-20,500,1.68,INTERNAL
TXN000275,ACCT0071,3622A2LQ8,GNMA Pool,MBS,Maturity,USD,2026-07-10,1000000,43126.41,INTERNAL
TXN000276,ACCT0092,3622A2LQ8,GNMA Pool,MBS,Dividend,USD,2026-07-03,50000,1691.2,INTERNAL
TXN000277,ACCT0092,91282CJL6,US Treasury Note 4.25%,Fixed Income,Interest,USD,2026-07-04,500000,11163.06,INTERNAL
TXN000278,ACCT0097,037833100,Apple Inc,Equity,Maturity,USD,2026-07-08,500,33.13,INTERNAL
TXN000279,ACCT0010,594918104,Microsoft Corp,Equity,Principal Paydown,USD,2026-07-09,250,245.93,INTERNAL
TXN000280,ACCT0062,3133EPH56,Federal Home Loan Bank Note,Fixed Income,Sale,EUR,2026-08-07,100000,99546.37,INTERNAL
TXN000281,ACCT0039,594918104,Microsoft Corp,Equity,Purchase,EUR,2026-08-05,5000,2787.49,INTERNAL
TXN000282,ACCT0049,3622A2LQ8,GNMA Pool,MBS,Principal Paydown,USD,2026-08-04,1000000,719525.41,INTERNAL
TXN000283,ACCT0009,594918104,Microsoft Corp,Equity,Maturity,USD,2026-07-06,500,200.28,INTERNAL
TXN000284,ACCT0084,3622A2LQ8,GNMA Pool,MBS,Sale,USD,2026-07-21,500000,474718.4,INTERNAL
TXN000285,ACCT0098,3622A2LQ8,GNMA Pool,MBS,Principal Paydown,USD,2026-07-13,25000,5288.11,INTERNAL
TXN000286,ACCT0005,3140QY4L2,FNMA Pool,MBS,Purchase,USD,2026-08-12,250000,249195.55,INTERNAL
TXN000287,ACCT0020,3133EPH56,Federal Home Loan Bank Note,Fixed Income,Maturity,USD,2026-07-07,25000,1661.71,INTERNAL
TXN000288,ACCT0051,3130AW2V1,Federal Home Loan Mortgage Corp,Fixed Income,Dividend,USD,2026-07-25,25000,241.77,INTERNAL
TXN000289,ACCT0012,594918104,Microsoft Corp,Equity,Purchase,USD,2026-08-12,1000,356.16,INTERNAL
TXN000290,ACCT0038,91282CJL6,US Treasury Note 4.25%,Fixed Income,Maturity,USD,2026-08-08,100000,96471.61,INTERNAL
TXN000291,ACCT0019,91282CJL6,US Treasury Note 4.25%,Fixed Income,Purchase,USD,2026-07-09,50000,16425.37,INTERNAL
TXN000292,ACCT0072,037833100,Apple Inc,Equity,Interest,USD,2026-07-11,2500,21.04,INTERNAL
TXN000293,ACCT0004,459200101,IBM Corp,Equity,Sale,USD,2026-07-23,1000,530.9,INTERNAL
TXN000294,ACCT0048,3622A2LQ8,GNMA Pool,MBS,Principal Paydown,USD,2026-07-24,1000000,497033.66,INTERNAL
TXN000295,ACCT0006,459200101,IBM Corp,Equity,Interest,GBP,2026-07-28,1000,26.23,INTERNAL
TXN000296,ACCT0072,91282CJL6,US Treasury Note 4.25%,Fixed Income,Maturity,USD,2026-08-10,100000,48612.13,INTERNAL
TXN000297,ACCT0043,91282CJL6,US Treasury Note 4.25%,Fixed Income,Sale,USD,2026-08-10,250000,199457.17,INTERNAL
TXN000298,ACCT0078,3133EPH56,Federal Home Loan Bank Note,Fixed Income,Dividend,GBP,2026-07-29,500000,13588.06,INTERNAL
TXN000299,ACCT0037,037833100,Apple Inc,Equity,Sale,USD,2026-07-20,1000,828.74,INTERNAL
TXN000300,ACCT0075,3622A2LQ8,GNMA Pool,MBS,Maturity,USD,2026-07-27,100000,22137.41,INTERNAL
TXN000301,ACCT0023,3140QY4L2,FNMA Pool,MBS,Principal Paydown,USD,2026-07-29,50000,38136.03,INTERNAL
TXN000302,ACCT0029,459200101,IBM Corp,Equity,Purchase,USD,2026-08-13,100,15.92,INTERNAL
TXN000303,ACCT0077,3133EPH56,Federal Home Loan Bank Note,Fixed Income,Principal Paydown,USD,2026-08-02,100000,90071.64,INTERNAL
TXN000304,ACCT0015,594918104,Microsoft Corp,Equity,Principal Paydown,USD,2026-08-06,500,244.51,INTERNAL
TXN000305,ACCT0083,3133EPH56,Federal Home Loan Bank Note,Fixed Income,Principal Paydown,USD,2026-07-06,50000,28107.2,INTERNAL
TXN000306,ACCT0011,037833100,Apple Inc,Equity,Maturity,USD,2026-08-05,250,190.86,INTERNAL
TXN000307,ACCT0019,594918104,Microsoft Corp,Equity,Maturity,USD,2026-07-11,250,92.33,INTERNAL
TXN000308,ACCT0076,3133EPH56,Federal Home Loan Bank Note,Fixed Income,Maturity,USD,2026-08-10,50000,12363.19,INTERNAL
TXN000309,ACCT0071,3133EPH56,Federal Home Loan Bank Note,Fixed Income,Principal Paydown,USD,2026-07-06,50000,22436.02,INTERNAL
TXN000310,ACCT0050,3130AW2V1,Federal Home Loan Mortgage Corp,Fixed Income,Dividend,USD,2026-07-17,25000,933.5,INTERNAL
TXN000311,ACCT0084,91282CJL6,US Treasury Note 4.25%,Fixed Income,Dividend,USD,2026-08-14,250000,8952.9,INTERNAL
TXN000312,ACCT0059,459200101,IBM Corp,Equity,Maturity,USD,2026-07-04,2500,45.23,INTERNAL
TXN000313,ACCT0056,3140QY4L2,FNMA Pool,MBS,Maturity,USD,2026-08-04,50000,29019.72,INTERNAL
TXN000314,ACCT0100,459200101,IBM Corp,Equity,Interest,USD,2026-08-04,250,8.55,INTERNAL
TXN000315,ACCT0083,91282CJL6,US Treasury Note 4.25%,Fixed Income,Dividend,EUR,2026-07-15,25000,304.68,INTERNAL
TXN000316,ACCT0030,3622A2LQ8,GNMA Pool,MBS,Maturity,USD,2026-07-28,50000,28451.39,INTERNAL
TXN000317,ACCT0077,3133EPH56,Federal Home Loan Bank Note,Fixed Income,Principal Paydown,USD,2026-07-03,500000,484190.4,INTERNAL
TXN000318,ACCT0082,3140QY4L2,FNMA Pool,MBS,Interest,USD,2026-07-11,250000,2166.89,INTERNAL
TXN000319,ACCT0024,459200101,IBM Corp,Equity,Dividend,USD,2026-07-19,100,3.3,INTERNAL
TXN000320,ACCT0070,3130AW2V1,Federal Home Loan Mortgage Corp,Fixed Income,Dividend,USD,2026-07-12,100000,1843.56,INTERNAL
TXN000321,ACCT0084,3130AW2V1,Federal Home Loan Mortgage Corp,Fixed Income,Purchase,USD,2026-08-03,500000,193563.87,INTERNAL
TXN000322,ACCT0021,037833100,Apple Inc,Equity,Interest,USD,2026-07-10,1000,3.47,INTERNAL
TXN000323,ACCT0075,037833100,Apple Inc,Equity,Sale,USD,2026-07-16,100,40.43,INTERNAL
TXN000324,ACCT0044,3133EPH56,Federal Home Loan Bank Note,Fixed Income,Principal Paydown,USD,2026-07-09,25000,10485.74,INTERNAL
TXN000325,ACCT0099,3140QY4L2,FNMA Pool,MBS,Purchase,USD,2026-07-07,250000,176207.3,INTERNAL
TXN000326,ACCT0073,037833100,Apple Inc,Equity,Maturity,USD,2026-08-14,5000,1261.51,INTERNAL
TXN000327,ACCT0047,459200101,IBM Corp,Equity,Interest,USD,2026-07-19,500,4.52,INTERNAL
TXN000328,ACCT0064,3133EPH56,Federal Home Loan Bank Note,Fixed Income,Sale,USD,2026-08-10,25000,20479.24,INTERNAL
TXN000329,ACCT0041,3130AW2V1,Federal Home Loan Mortgage Corp,Fixed Income,Interest,USD,2026-07-24,25000,946.61,INTERNAL
TXN000330,ACCT0079,3140QY4L2,FNMA Pool,MBS,Dividend,USD,2026-07-18,250000,2038.44,INTERNAL
TXN000331,ACCT0008,037833100,Apple Inc,Equity,Interest,USD,2026-08-11,500,17.12,INTERNAL
TXN000332,ACCT0076,3133EPH56,Federal Home Loan Bank Note,Fixed Income,Dividend,USD,2026-07-25,1000000,25518.82,INTERNAL
TXN000333,ACCT0098,91282CJL6,US Treasury Note 4.25%,Fixed Income,Sale,USD,2026-08-12,25000,18587.14,INTERNAL
TXN000334,ACCT0083,3140QY4L2,FNMA Pool,MBS,Principal Paydown,USD,2026-07-03,100000,76017.68,INTERNAL
TXN000335,ACCT0031,3622A2LQ8,GNMA Pool,MBS,Principal Paydown,USD,2026-07-06,50000,12231.43,INTERNAL
TXN000336,ACCT0079,3622A2LQ8,GNMA Pool,MBS,Purchase,EUR,2026-08-07,250000,101053.42,INTERNAL
TXN000337,ACCT0053,594918104,Microsoft Corp,Equity,Principal Paydown,USD,2026-07-12,2500,1730.44,INTERNAL
TXN000338,ACCT0082,3130AW2V1,Federal Home Loan Mortgage Corp,Fixed Income,Sale,GBP,2026-08-13,100000,73682.94,INTERNAL
TXN000339,ACCT0008,459200101,IBM Corp,Equity,Maturity,USD,2026-07-29,500,242.23,INTERNAL
TXN000340,ACCT0052,459200101,IBM Corp,Equity,Purchase,USD,2026-08-09,1000,291.16,INTERNAL
TXN000341,ACCT0025,594918104,Microsoft Corp,Equity,Purchase,USD,2026-08-09,500,154.37,INTERNAL
TXN000342,ACCT0095,594918104,Microsoft Corp,Equity,Principal Paydown,USD,2026-07-30,250,211.63,INTERNAL
TXN000343,ACCT0006,91282CJL6,US Treasury Note 4.25%,Fixed Income,Dividend,USD,2026-07-22,250000,5208.25,INTERNAL
TXN000344,ACCT0006,594918104,Microsoft Corp,Equity,Dividend,USD,2026-08-09,100,3.79,INTERNAL
TXN000345,ACCT0074,3622A2LQ8,GNMA Pool,MBS,Principal Paydown,USD,2026-08-08,100000,76149.72,INTERNAL
TXN000346,ACCT0080,459200101,IBM Corp,Equity,Purchase,USD,2026-08-05,500,126.06,INTERNAL
TXN000347,ACCT0064,3133EPH56,Federal Home Loan Bank Note,Fixed Income,Maturity,USD,2026-07-05,1000000,724797.18,INTERNAL
TXN000348,ACCT0065,459200101,IBM Corp,Equity,Purchase,USD,2026-07-03,500,229.81,INTERNAL
TXN000349,ACCT0013,91282CJL6,US Treasury Note 4.25%,Fixed Income,Dividend,GBP,2026-08-06,500000,11993.58,INTERNAL
TXN000350,ACCT0034,3133EPH56,Federal Home Loan Bank Note,Fixed Income,Principal Paydown,USD,2026-08-07,1000000,940491.66,INTERNAL
TXN000351,ACCT0039,3130AW2V1,Federal Home Loan Mortgage Corp,Fixed Income,Principal Paydown,GBP,2026-07-05,10000,1242.73,INTERNAL
TXN000352,ACCT0059,91282CJL6,US Treasury Note 4.25%,Fixed Income,Interest,USD,2026-08-03,10000,334.36,INTERNAL
TXN000353,ACCT0044,91282CJL6,US Treasury Note 4.25%,Fixed Income,Purchase,USD,2026-08-09,50000,32598.0,INTERNAL
TXN000354,ACCT0047,3622A2LQ8,GNMA Pool,MBS,Maturity,USD,2026-07-08,100000,35429.3,INTERNAL
TXN000355,ACCT0076,3140QY4L2,FNMA Pool,MBS,Sale,USD,2026-07-12,500000,79147.56,INTERNAL
TXN000356,ACCT0086,3133EPH56,Federal Home Loan Bank Note,Fixed Income,Sale,USD,2026-07-30,50000,35019.94,INTERNAL
TXN000357,ACCT0069,459200101,IBM Corp,Equity,Sale,EUR,2026-07-21,250,55.63,INTERNAL
TXN000358,ACCT0034,91282CJL6,US Treasury Note 4.25%,Fixed Income,Principal Paydown,USD,2026-07-26,1000000,297051.13,INTERNAL
TXN000359,ACCT0014,3622A2LQ8,GNMA Pool,MBS,Maturity,USD,2026-08-11,250000,159192.55,INTERNAL
TXN000360,ACCT0076,3622A2LQ8,GNMA Pool,MBS,Sale,USD,2026-07-31,100000,7740.38,INTERNAL
TXN000361,ACCT0045,3140QY4L2,FNMA Pool,MBS,Maturity,USD,2026-07-15,10000,2283.71,INTERNAL
TXN000362,ACCT0077,594918104,Microsoft Corp,Equity,Principal Paydown,USD,2026-07-02,2500,1394.06,INTERNAL
TXN000363,ACCT0093,3622A2LQ8,GNMA Pool,MBS,Maturity,USD,2026-07-28,10000,9466.74,INTERNAL
TXN000364,ACCT0008,3140QY4L2,FNMA Pool,MBS,Purchase,USD,2026-07-06,250000,188197.6,INTERNAL
TXN000365,ACCT0047,037833100,Apple Inc,Equity,Maturity,GBP,2026-07-26,5000,2521.95,INTERNAL
TXN000366,ACCT0015,3622A2LQ8,GNMA Pool,MBS,Maturity,USD,2026-07-09,250000,55705.15,INTERNAL
TXN000367,ACCT0074,91282CJL6,US Treasury Note 4.25%,Fixed Income,Purchase,USD,2026-07-25,100000,78508.89,INTERNAL
TXN000368,ACCT0097,3133EPH56,Federal Home Loan Bank Note,Fixed Income,Purchase,USD,2026-07-07,1000000,960015.66,INTERNAL
TXN000369,ACCT0042,3133EPH56,Federal Home Loan Bank Note,Fixed Income,Principal Paydown,USD,2026-07-14,50000,32755.47,INTERNAL
TXN000370,ACCT0016,3133EPH56,Federal Home Loan Bank Note,Fixed Income,Principal Paydown,USD,2026-08-10,25000,12780.34,INTERNAL
TXN000371,ACCT0035,594918104,Microsoft Corp,Equity,Maturity,USD,2026-07-11,2500,735.14,INTERNAL
TXN000372,ACCT0100,3130AW2V1,Federal Home Loan Mortgage Corp,Fixed Income,Purchase,USD,2026-07-01,250000,253351.48,INTERNAL
TXN000373,ACCT0033,3130AW2V1,Federal Home Loan Mortgage Corp,Fixed Income,Purchase,USD,2026-08-08,500000,475863.13,INTERNAL
TXN000374,ACCT0044,3133EPH56,Federal Home Loan Bank Note,Fixed Income,Sale,GBP,2026-08-12,500000,155329.86,INTERNAL
TXN000375,ACCT0004,3140QY4L2,FNMA Pool,MBS,Dividend,USD,2026-08-10,1000000,12226.96,INTERNAL
TXN000376,ACCT0041,3130AW2V1,Federal Home Loan Mortgage Corp,Fixed Income,Interest,USD,2026-07-19,100000,2619.35,INTERNAL
TXN000377,ACCT0019,594918104,Microsoft Corp,Equity,Maturity,USD,2026-07-20,250,32.88,INTERNAL
TXN000378,ACCT0056,459200101,IBM Corp,Equity,Maturity,USD,2026-08-14,250,193.75,INTERNAL
TXN000379,ACCT0028,459200101,IBM Corp,Equity,Principal Paydown,USD,2026-08-10,250,167.42,INTERNAL
TXN000380,ACCT0011,91282CJL6,US Treasury Note 4.25%,Fixed Income,Interest,USD,2026-07-27,1000000,34254.1,INTERNAL
TXN000381,ACCT0008,3133EPH56,Federal Home Loan Bank Note,Fixed Income,Principal Paydown,USD,2026-07-18,100000,45282.28,INTERNAL
TXN000382,ACCT0055,037833100,Apple Inc,Equity,Dividend,USD,2026-07-16,100,3.63,INTERNAL
TXN000383,ACCT0060,459200101,IBM Corp,Equity,Principal Paydown,GBP,2026-07-09,1000,739.86,INTERNAL
TXN000384,ACCT0036,594918104,Microsoft Corp,Equity,Maturity,USD,2026-08-04,250,121.96,INTERNAL
TXN000385,ACCT0044,037833100,Apple Inc,Equity,Interest,USD,2026-07-15,500,1.35,INTERNAL
TXN000386,ACCT0023,3133EPH56,Federal Home Loan Bank Note,Fixed Income,Purchase,USD,2026-08-04,250000,206777.27,INTERNAL
TXN000387,ACCT0087,037833100,Apple Inc,Equity,Dividend,USD,2026-07-28,1000,3.62,INTERNAL
TXN000388,ACCT0093,3133EPH56,Federal Home Loan Bank Note,Fixed Income,Interest,USD,2026-07-26,50000,1666.39,INTERNAL
TXN000389,ACCT0051,3622A2LQ8,GNMA Pool,MBS,Dividend,USD,2026-07-01,100000,3817.33,INTERNAL
TXN000390,ACCT0098,91282CJL6,US Treasury Note 4.25%,Fixed Income,Sale,USD,2026-07-11,1000000,924208.46,INTERNAL
TXN000391,ACCT0042,594918104,Microsoft Corp,Equity,Interest,USD,2026-07-22,5000,126.8,INTERNAL
TXN000392,ACCT0019,3622A2LQ8,GNMA Pool,MBS,Interest,USD,2026-08-03,250000,7432.92,INTERNAL
TXN000393,ACCT0014,594918104,Microsoft Corp,Equity,Sale,USD,2026-07-15,1000,988.91,INTERNAL
TXN000394,ACCT0053,037833100,Apple Inc,Equity,Dividend,USD,2026-07-10,500,18.91,INTERNAL
TXN000395,ACCT0059,037833100,Apple Inc,Equity,Dividend,EUR,2026-07-18,1000,11.18,INTERNAL
TXN000396,ACCT0016,3622A2LQ8,GNMA Pool,MBS,Interest,USD,2026-07-25,25000,987.95,INTERNAL
TXN000397,ACCT0048,037833100,Apple Inc,Equity,Sale,USD,2026-07-19,500,37.26,INTERNAL
TXN000398,ACCT0074,3133EPH56,Federal Home Loan Bank Note,Fixed Income,Principal Paydown,USD,2026-07-16,100000,86292.2,INTERNAL
TXN000399,ACCT0012,3622A2LQ8,GNMA Pool,MBS,Interest,EUR,2026-07-09,100000,2673.02,INTERNAL
TXN000400,ACCT0069,037833100,Apple Inc,Equity,Maturity,USD,2026-07-09,100,15.74,INTERNAL
TXN000401,ACCT0070,3622A2LQ8,GNMA Pool,MBS,Principal Paydown,USD,2026-07-07,100000,45101.68,INTERNAL
TXN000402,ACCT0062,3140QY4L2,FNMA Pool,MBS,Principal Paydown,USD,2026-07-31,25000,865.51,INTERNAL
TXN000403,ACCT0046,3130AW2V1,Federal Home Loan Mortgage Corp,Fixed Income,Purchase,USD,2026-07-05,500000,8012.67,INTERNAL
TXN000404,ACCT0038,3133EPH56,Federal Home Loan Bank Note,Fixed Income,Principal Paydown,USD,2026-07-01,50000,41344.4,INTERNAL
TXN000405,ACCT0076,3133EPH56,Federal Home Loan Bank Note,Fixed Income,Purchase,USD,2026-07-01,25000,13160.14,INTERNAL
TXN000406,ACCT0095,3130AW2V1,Federal Home Loan Mortgage Corp,Fixed Income,Sale,USD,2026-08-07,10000,7989.11,INTERNAL
TXN000407,ACCT0079,459200101,IBM Corp,Equity,Purchase,USD,2026-08-04,2500,729.84,INTERNAL
TXN000408,ACCT0096,3130AW2V1,Federal Home Loan Mortgage Corp,Fixed Income,Dividend,USD,2026-08-14,1000000,18907.63,INTERNAL
TXN000409,ACCT0002,3622A2LQ8,GNMA Pool,MBS,Sale,USD,2026-07-09,50000,50371.26,INTERNAL
TXN000410,ACCT0030,91282CJL6,US Treasury Note 4.25%,Fixed Income,Dividend,USD,2026-07-15,100000,3916.57,INTERNAL
TXN000411,ACCT0027,3140QY4L2,FNMA Pool,MBS,Principal Paydown,USD,2026-08-14,10000,9644.34,INTERNAL
TXN000412,ACCT0099,91282CJL6,US Treasury Note 4.25%,Fixed Income,Interest,USD,2026-07-20,100000,2109.17,INTERNAL
TXN000413,ACCT0042,459200101,IBM Corp,Equity,Dividend,USD,2026-08-08,2500,31.55,INTERNAL
TXN000414,ACCT0071,594918104,Microsoft Corp,Equity,Principal Paydown,USD,2026-08-13,5000,959.2,INTERNAL
TXN000415,ACCT0069,3130AW2V1,Federal Home Loan Mortgage Corp,Fixed Income,Maturity,USD,2026-08-02,50000,10289.34,INTERNAL
TXN000416,ACCT0041,3622A2LQ8,GNMA Pool,MBS,Sale,USD,2026-07-12,50000,18180.59,INTERNAL
TXN000417,ACCT0086,3130AW2V1,Federal Home Loan Mortgage Corp,Fixed Income,Maturity,USD,2026-07-05,100000,36980.23,INTERNAL
TXN000418,ACCT0075,3130AW2V1,Federal Home Loan Mortgage Corp,Fixed Income,Principal Paydown,USD,2026-08-10,10000,3508.18,INTERNAL
TXN000419,ACCT0075,91282CJL6,US Treasury Note 4.25%,Fixed Income,Purchase,USD,2026-07-31,10000,2447.59,INTERNAL
TXN000420,ACCT0016,3130AW2V1,Federal Home Loan Mortgage Corp,Fixed Income,Sale,USD,2026-08-12,1000000,619449.68,INTERNAL
TXN000421,ACCT0012,037833100,Apple Inc,Equity,Sale,USD,2026-07-16,500,83.89,INTERNAL
TXN000422,ACCT0002,3622A2LQ8,GNMA Pool,MBS,Sale,EUR,2026-07-16,25000,15653.63,INTERNAL
TXN000423,ACCT0076,3622A2LQ8,GNMA Pool,MBS,Principal Paydown,USD,2026-07-02,25000,2804.95,INTERNAL
TXN000424,ACCT0020,3133EPH56,Federal Home Loan Bank Note,Fixed Income,Sale,USD,2026-07-13,10000,2863.83,INTERNAL
TXN000425,ACCT0033,3140QY4L2,FNMA Pool,MBS,Maturity,USD,2026-07-16,1000000,335826.51,INTERNAL
TXN000426,ACCT0100,91282CJL6,US Treasury Note 4.25%,Fixed Income,Principal Paydown,EUR,2026-07-27,25000,19306.73,INTERNAL
TXN000427,ACCT0004,91282CJL6,US Treasury Note 4.25%,Fixed Income,Purchase,USD,2026-07-24,500000,161122.02,INTERNAL
TXN000428,ACCT0013,594918104,Microsoft Corp,Equity,Sale,USD,2026-08-10,500,222.08,INTERNAL
TXN000429,ACCT0093,594918104,Microsoft Corp,Equity,Sale,USD,2026-08-11,100,9.8,INTERNAL
TXN000430,ACCT0074,459200101,IBM Corp,Equity,Interest,USD,2026-07-30,250,7.82,INTERNAL
TXN000431,ACCT0098,594918104,Microsoft Corp,Equity,Purchase,USD,2026-07-05,500,141.45,INTERNAL
TXN000432,ACCT0040,3140QY4L2,FNMA Pool,MBS,Purchase,USD,2026-08-13,100000,27198.73,INTERNAL
TXN000433,ACCT0076,91282CJL6,US Treasury Note 4.25%,Fixed Income,Dividend,USD,2026-07-13,25000,454.67,INTERNAL
TXN000434,ACCT0016,3130AW2V1,Federal Home Loan Mortgage Corp,Fixed Income,Interest,USD,2026-07-03,50000,1055.09,INTERNAL
TXN000435,ACCT0097,3622A2LQ8,GNMA Pool,MBS,Purchase,GBP,2026-07-19,100000,84074.28,INTERNAL
TXN000436,ACCT0015,3130AW2V1,Federal Home Loan Mortgage Corp,Fixed Income,Interest,USD,2026-07-08,500000,16924.59,INTERNAL
TXN000437,ACCT0032,3622A2LQ8,GNMA Pool,MBS,Principal Paydown,EUR,2026-08-06,25000,14916.93,INTERNAL
TXN000438,ACCT0006,3130AW2V1,Federal Home Loan Mortgage Corp,Fixed Income,Dividend,USD,2026-07-12,10000,294.0,INTERNAL
TXN000439,ACCT0030,3133EPH56,Federal Home Loan Bank Note,Fixed Income,Sale,USD,2026-07-04,10000,5234.63,INTERNAL
TXN000440,ACCT0090,3130AW2V1,Federal Home Loan Mortgage Corp,Fixed Income,Maturity,USD,2026-07-12,10000,9559.18,INTERNAL
TXN000441,ACCT0050,3130AW2V1,Federal Home Loan Mortgage Corp,Fixed Income,Principal Paydown,USD,2026-07-27,10000,7329.87,INTERNAL
TXN000442,ACCT0046,3140QY4L2,FNMA Pool,MBS,Sale,USD,2026-08-04,10000,10197.61,INTERNAL
TXN000443,ACCT0090,3130AW2V1,Federal Home Loan Mortgage Corp,Fixed Income,Maturity,EUR,2026-08-11,500000,45669.53,INTERNAL
TXN000444,ACCT0036,91282CJL6,US Treasury Note 4.25%,Fixed Income,Purchase,USD,2026-07-15,1000000,322382.36,INTERNAL
TXN000445,ACCT0026,037833100,Apple Inc,Equity,Maturity,USD,2026-08-08,250,229.14,INTERNAL
TXN000446,ACCT0059,3622A2LQ8,GNMA Pool,MBS,Interest,USD,2026-07-02,250000,3720.65,INTERNAL
TXN000447,ACCT0049,037833100,Apple Inc,Equity,Sale,USD,2026-08-03,5000,4470.2,INTERNAL
TXN000448,ACCT0007,3133EPH56,Federal Home Loan Bank Note,Fixed Income,Dividend,USD,2026-08-07,50000,664.05,INTERNAL
TXN000449,ACCT0070,3622A2LQ8,GNMA Pool,MBS,Principal Paydown,USD,2026-07-18,250000,50626.2,INTERNAL
TXN000450,ACCT0054,3130AW2V1,Federal Home Loan Mortgage Corp,Fixed Income,Principal Paydown,USD,2026-08-01,50000,17680.01,INTERNAL
TXN000451,ACCT0030,91282CJL6,US Treasury Note 4.25%,Fixed Income,Maturity,EUR,2026-07-27,50000,49279.71,INTERNAL
TXN000452,ACCT0070,3622A2LQ8,GNMA Pool,MBS,Dividend,GBP,2026-08-14,500000,9152.88,INTERNAL
TXN000453,ACCT0013,594918104,Microsoft Corp,Equity,Maturity,USD,2026-07-02,100,57.41,INTERNAL
TXN000454,ACCT0060,91282CJL6,US Treasury Note 4.25%,Fixed Income,Purchase,USD,2026-08-02,10000,8870.1,INTERNAL
TXN000455,ACCT0005,037833100,Apple Inc,Equity,Maturity,USD,2026-08-07,1000,886.7,INTERNAL
TXN000456,ACCT0065,91282CJL6,US Treasury Note 4.25%,Fixed Income,Sale,USD,2026-08-03,25000,21945.8,INTERNAL
TXN000457,ACCT0031,91282CJL6,US Treasury Note 4.25%,Fixed Income,Principal Paydown,USD,2026-07-16,1000000,718445.69,INTERNAL
TXN000458,ACCT0020,3133EPH56,Federal Home Loan Bank Note,Fixed Income,Maturity,USD,2026-07-04,1000000,779966.14,INTERNAL
TXN000459,ACCT0061,3133EPH56,Federal Home Loan Bank Note,Fixed Income,Dividend,USD,2026-08-01,25000,342.25,INTERNAL
TXN000460,ACCT0073,3130AW2V1,Federal Home Loan Mortgage Corp,Fixed Income,Interest,EUR,2026-08-12,500000,1092.29,INTERNAL
TXN000461,ACCT0088,3130AW2V1,Federal Home Loan Mortgage Corp,Fixed Income,Sale,USD,2026-07-22,25000,12419.85,INTERNAL
TXN000462,ACCT0060,3140QY4L2,FNMA Pool,MBS,Sale,EUR,2026-07-14,100000,44091.17,INTERNAL
TXN000463,ACCT0077,3622A2LQ8,GNMA Pool,MBS,Dividend,USD,2026-07-04,500000,4433.42,INTERNAL
TXN000464,ACCT0050,3130AW2V1,Federal Home Loan Mortgage Corp,Fixed Income,Principal Paydown,EUR,2026-08-07,25000,19495.74,INTERNAL
TXN000465,ACCT0027,594918104,Microsoft Corp,Equity,Interest,GBP,2026-07-14,100,0.51,INTERNAL
TXN000466,ACCT0043,3130AW2V1,Federal Home Loan Mortgage Corp,Fixed Income,Principal Paydown,USD,2026-07-09,10000,5859.66,INTERNAL
TXN000467,ACCT0043,3140QY4L2,FNMA Pool,MBS,Interest,USD,2026-08-03,50000,363.3,INTERNAL
TXN000468,ACCT0033,3133EPH56,Federal Home Loan Bank Note,Fixed Income,Dividend,USD,2026-07-17,500000,2313.66,INTERNAL
TXN000469,ACCT0073,3133EPH56,Federal Home Loan Bank Note,Fixed Income,Purchase,USD,2026-07-01,500000,147622.52,INTERNAL
TXN000470,ACCT0006,459200101,IBM Corp,Equity,Dividend,USD,2026-08-09,5000,14.51,INTERNAL
TXN000471,ACCT0080,037833100,Apple Inc,Equity,Principal Paydown,USD,2026-07-13,1000,435.92,INTERNAL
TXN000472,ACCT0058,91282CJL6,US Treasury Note 4.25%,Fixed Income,Purchase,USD,2026-08-14,1000000,154831.89,INTERNAL
TXN000473,ACCT0092,594918104,Microsoft Corp,Equity,Principal Paydown,USD,2026-08-09,100,67.92,INTERNAL
TXN000474,ACCT0027,037833100,Apple Inc,Equity,Sale,USD,2026-07-17,100,53.28,INTERNAL
TXN000475,ACCT0037,3140QY4L2,FNMA Pool,MBS,Sale,USD,2026-08-08,50000,12868.41,INTERNAL
TXN000476,ACCT0085,594918104,Microsoft Corp,Equity,Dividend,USD,2026-08-13,1000,28.37,INTERNAL
TXN000477,ACCT0018,3140QY4L2,FNMA Pool,MBS,Interest,USD,2026-07-01,100000,3096.56,INTERNAL
TXN000478,ACCT0035,459200101,IBM Corp,Equity,Maturity,USD,2026-07-04,100,60.48,INTERNAL
TXN000479,ACCT0098,594918104,Microsoft Corp,Equity,Purchase,USD,2026-07-27,250,252.77,INTERNAL
TXN000480,ACCT0060,3130AW2V1,Federal Home Loan Mortgage Corp,Fixed Income,Purchase,USD,2026-07-28,10000,5672.5,INTERNAL
TXN000481,ACCT0025,037833100,Apple Inc,Equity,Sale,USD,2026-07-10,5000,4111.38,INTERNAL
TXN000482,ACCT0069,037833100,Apple Inc,Equity,Principal Paydown,GBP,2026-07-25,250,237.68,INTERNAL
TXN000483,ACCT0035,3140QY4L2,FNMA Pool,MBS,Maturity,USD,2026-07-25,25000,12447.09,INTERNAL
TXN000484,ACCT0013,91282CJL6,US Treasury Note 4.25%,Fixed Income,Dividend,USD,2026-08-04,100000,3739.56,INTERNAL
TXN000485,ACCT0073,594918104,Microsoft Corp,Equity,Sale,USD,2026-08-11,100,91.85,INTERNAL
TXN000486,ACCT0006,91282CJL6,US Treasury Note 4.25%,Fixed Income,Sale,USD,2026-07-29,500000,386490.86,INTERNAL
TXN000487,ACCT0006,594918104,Microsoft Corp,Equity,Dividend,USD,2026-07-15,500,19.18,INTERNAL
TXN000488,ACCT0100,3622A2LQ8,GNMA Pool,MBS,Maturity,USD,2026-07-18,100000,77173.1,INTERNAL
TXN000489,ACCT0084,91282CJL6,US Treasury Note 4.25%,Fixed Income,Principal Paydown,USD,2026-07-25,250000,123010.04,INTERNAL
TXN000490,ACCT0059,3622A2LQ8,GNMA Pool,MBS,Maturity,USD,2026-08-04,50000,29773.59,INTERNAL
TXN000491,ACCT0080,3622A2LQ8,GNMA Pool,MBS,Sale,USD,2026-07-29,25000,20161.69,INTERNAL
TXN000492,ACCT0053,3622A2LQ8,GNMA Pool,MBS,Interest,USD,2026-08-07,250000,3094.99,INTERNAL
TXN000493,ACCT0019,3622A2LQ8,GNMA Pool,MBS,Sale,USD,2026-07-05,50000,30246.79,INTERNAL
TXN000494,ACCT0034,3133EPH56,Federal Home Loan Bank Note,Fixed Income,Dividend,USD,2026-07-14,500000,12235.89,INTERNAL
TXN000495,ACCT0006,594918104,Microsoft Corp,Equity,Dividend,USD,2026-07-15,2500,39.98,INTERNAL
TXN000496,ACCT0039,3140QY4L2,FNMA Pool,MBS,Principal Paydown,USD,2026-07-17,25000,24078.46,INTERNAL
TXN000497,ACCT0039,3622A2LQ8,GNMA Pool,MBS,Dividend,USD,2026-08-08,10000,329.98,INTERNAL
TXN000498,ACCT0096,594918104,Microsoft Corp,Equity,Sale,USD,2026-08-10,100,62.16,INTERNAL
TXN000499,ACCT0100,3133EPH56,Federal Home Loan Bank Note,Fixed Income,Interest,USD,2026-08-11,1000000,21841.37,INTERNAL
TXN000500,ACCT0004,3622A2LQ8,GNMA Pool,MBS,Sale,USD,2026-07-09,500000,254787.42,INTERNAL
TXN000501,ACCT0095,594918104,Microsoft Corp,Equity,Dividend,EUR,2026-07-27,2500,10.07,INTERNAL
TXN000502,ACCT0069,91282CJL6,US Treasury Note 4.25%,Fixed Income,Purchase,USD,2026-07-29,500000,236463.43,INTERNAL
TXN000503,ACCT0084,3140QY4L2,FNMA Pool,MBS,Principal Paydown,USD,2026-07-15,10000,2389.21,INTERNAL
TXN000504,ACCT0036,91282CJL6,US Treasury Note 4.25%,Fixed Income,Principal Paydown,USD,2026-07-25,1000000,221003.58,INTERNAL
TXN000505,ACCT0092,3133EPH56,Federal Home Loan Bank Note,Fixed Income,Sale,USD,2026-07-14,50000,31971.51,INTERNAL
TXN000506,ACCT0063,459200101,IBM Corp,Equity,Dividend,USD,2026-07-25,5000,129.94,INTERNAL
TXN000507,ACCT0091,3622A2LQ8,GNMA Pool,MBS,Sale,USD,2026-07-01,100000,97733.82,INTERNAL
TXN000508,ACCT0051,3622A2LQ8,GNMA Pool,MBS,Interest,USD,2026-07-15,50000,1068.5,INTERNAL
TXN000509,ACCT0089,3622A2LQ8,GNMA Pool,MBS,Maturity,GBP,2026-07-12,500000,269520.34,INTERNAL
TXN000510,ACCT0030,3140QY4L2,FNMA Pool,MBS,Maturity,USD,2026-08-12,25000,8185.49,INTERNAL
TXN000511,ACCT0033,3133EPH56,Federal Home Loan Bank Note,Fixed Income,Maturity,USD,2026-07-29,10000,9691.02,INTERNAL
TXN000512,ACCT0004,3130AW2V1,Federal Home Loan Mortgage Corp,Fixed Income,Dividend,USD,2026-08-09,10000,196.21,INTERNAL
TXN000513,ACCT0068,3622A2LQ8,GNMA Pool,MBS,Sale,USD,2026-08-03,10000,5278.73,INTERNAL
TXN000514,ACCT0066,3622A2LQ8,GNMA Pool,MBS,Maturity,GBP,2026-07-21,10000,1037.51,INTERNAL
TXN000515,ACCT0038,3140QY4L2,FNMA Pool,MBS,Interest,USD,2026-07-26,250000,8354.36,INTERNAL
TXN000516,ACCT0013,3622A2LQ8,GNMA Pool,MBS,Principal Paydown,EUR,2026-08-11,250000,219106.91,INTERNAL
TXN000517,ACCT0036,3140QY4L2,FNMA Pool,MBS,Interest,USD,2026-08-07,50000,469.79,INTERNAL
TXN000518,ACCT0041,91282CJL6,US Treasury Note 4.25%,Fixed Income,Dividend,USD,2026-07-04,50000,957.07,INTERNAL
TXN000519,ACCT0092,037833100,Apple Inc,Equity,Dividend,USD,2026-08-02,1000,13.22,INTERNAL
TXN000520,ACCT0044,3130AW2V1,Federal Home Loan Mortgage Corp,Fixed Income,Maturity,USD,2026-08-12,1000000,969776.81,INTERNAL
TXN000521,ACCT0004,3140QY4L2,FNMA Pool,MBS,Purchase,USD,2026-07-23,100000,76902.28,INTERNAL
TXN000522,ACCT0006,3140QY4L2,FNMA Pool,MBS,Purchase,EUR,2026-07-11,500000,340020.62,INTERNAL
TXN000523,ACCT0028,3130AW2V1,Federal Home Loan Mortgage Corp,Fixed Income,Dividend,USD,2026-07-04,500000,15685.01,INTERNAL
TXN000524,ACCT0092,3130AW2V1,Federal Home Loan Mortgage Corp,Fixed Income,Principal Paydown,USD,2026-08-08,50000,41994.14,INTERNAL
TXN000525,ACCT0015,459200101,IBM Corp,Equity,Dividend,USD,2026-07-11,500,11.85,INTERNAL
TXN000526,ACCT0025,3140QY4L2,FNMA Pool,MBS,Maturity,USD,2026-07-31,50000,14787.35,INTERNAL
TXN000527,ACCT0070,3622A2LQ8,GNMA Pool,MBS,Maturity,USD,2026-08-09,500000,321747.35,INTERNAL
TXN000528,ACCT0083,3622A2LQ8,GNMA Pool,MBS,Principal Paydown,USD,2026-07-12,100000,21504.43,INTERNAL
TXN000529,ACCT0087,037833100,Apple Inc,Equity,Sale,USD,2026-07-13,2500,1468.04,INTERNAL
TXN000530,ACCT0085,594918104,Microsoft Corp,Equity,Dividend,GBP,2026-07-08,2500,68.14,INTERNAL
TXN000531,ACCT0007,3133EPH56,Federal Home Loan Bank Note,Fixed Income,Maturity,EUR,2026-08-06,25000,18999.55,INTERNAL
TXN000532,ACCT0011,3140QY4L2,FNMA Pool,MBS,Principal Paydown,USD,2026-07-25,50000,28882.22,INTERNAL
TXN000533,ACCT0019,3130AW2V1,Federal Home Loan Mortgage Corp,Fixed Income,Dividend,USD,2026-07-18,250000,2836.82,INTERNAL
TXN000534,ACCT0058,3140QY4L2,FNMA Pool,MBS,Maturity,USD,2026-08-03,1000000,73376.49,INTERNAL
TXN000535,ACCT0050,3130AW2V1,Federal Home Loan Mortgage Corp,Fixed Income,Purchase,USD,2026-07-21,100000,40782.04,INTERNAL
TXN000536,ACCT0082,3140QY4L2,FNMA Pool,MBS,Principal Paydown,USD,2026-08-05,100000,48264.31,INTERNAL
TXN000537,ACCT0028,91282CJL6,US Treasury Note 4.25%,Fixed Income,Maturity,USD,2026-08-06,250000,217754.1,INTERNAL
TXN000538,ACCT0024,3133EPH56,Federal Home Loan Bank Note,Fixed Income,Purchase,USD,2026-07-17,25000,18861.94,INTERNAL
TXN000539,ACCT0039,3133EPH56,Federal Home Loan Bank Note,Fixed Income,Principal Paydown,USD,2026-07-24,100000,96772.21,INTERNAL
TXN000540,ACCT0017,3140QY4L2,FNMA Pool,MBS,Principal Paydown,USD,2026-07-09,1000000,892598.16,INTERNAL
TXN000541,ACCT0068,3622A2LQ8,GNMA Pool,MBS,Interest,USD,2026-07-18,1000000,28172.58,INTERNAL
TXN000542,ACCT0047,3622A2LQ8,GNMA Pool,MBS,Sale,EUR,2026-07-01,500000,362165.23,INTERNAL
TXN000543,ACCT0081,3130AW2V1,Federal Home Loan Mortgage Corp,Fixed Income,Principal Paydown,USD,2026-07-08,50000,32818.71,INTERNAL
TXN000544,ACCT0097,459200101,IBM Corp,Equity,Principal Paydown,USD,2026-07-07,2500,2195.13,INTERNAL
TXN000545,ACCT0056,3133EPH56,Federal Home Loan Bank Note,Fixed Income,Purchase,USD,2026-07-20,1000000,14359.44,INTERNAL
TXN000546,ACCT0017,459200101,IBM Corp,Equity,Sale,USD,2026-07-20,500,209.86,INTERNAL
TXN000547,ACCT0090,594918104,Microsoft Corp,Equity,Sale,USD,2026-07-24,100,40.25,INTERNAL
TXN000548,ACCT0028,037833100,Apple Inc,Equity,Principal Paydown,USD,2026-07-25,1000,342.11,INTERNAL
TXN000549,ACCT0058,594918104,Microsoft Corp,Equity,Principal Paydown,USD,2026-07-05,1000,721.42,INTERNAL
TXN000550,ACCT0048,3130AW2V1,Federal Home Loan Mortgage Corp,Fixed Income,Dividend,USD,2026-07-08,100000,1570.15,INTERNAL
TXN000551,ACCT0095,594918104,Microsoft Corp,Equity,Sale,USD,2026-07-23,2500,88.82,INTERNAL
TXN000552,ACCT0089,3133EPH56,Federal Home Loan Bank Note,Fixed Income,Purchase,USD,2026-07-26,500000,42119.75,INTERNAL
TXN000553,ACCT0066,459200101,IBM Corp,Equity,Dividend,EUR,2026-07-20,2500,54.88,INTERNAL
TXN000554,ACCT0051,3622A2LQ8,GNMA Pool,MBS,Interest,USD,2026-07-15,250000,9475.65,INTERNAL
TXN000555,ACCT0080,3140QY4L2,FNMA Pool,MBS,Interest,EUR,2026-07-14,500000,4073.87,INTERNAL
TXN000556,ACCT0056,3133EPH56,Federal Home Loan Bank Note,Fixed Income,Interest,USD,2026-08-03,25000,666.17,INTERNAL
TXN000557,ACCT0011,3622A2LQ8,GNMA Pool,MBS,Purchase,USD,2026-08-05,10000,1210.52,INTERNAL
TXN000558,ACCT0024,3133EPH56,Federal Home Loan Bank Note,Fixed Income,Maturity,USD,2026-07-10,50000,35316.95,INTERNAL
TXN000559,ACCT0071,037833100,Apple Inc,Equity,Purchase,USD,2026-07-18,500,426.45,INTERNAL
TXN000560,ACCT0058,91282CJL6,US Treasury Note 4.25%,Fixed Income,Principal Paydown,USD,2026-07-04,1000000,863836.98,INTERNAL
TXN000561,ACCT0100,594918104,Microsoft Corp,Equity,Maturity,USD,2026-07-16,2500,1965.66,INTERNAL
TXN000562,ACCT0064,3622A2LQ8,GNMA Pool,MBS,Interest,USD,2026-07-27,100000,1130.11,INTERNAL
TXN000563,ACCT0005,3130AW2V1,Federal Home Loan Mortgage Corp,Fixed Income,Sale,USD,2026-07-01,25000,4268.41,INTERNAL
TXN000564,ACCT0048,3133EPH56,Federal Home Loan Bank Note,Fixed Income,Sale,USD,2026-07-02,50000,1540.08,INTERNAL
TXN000565,ACCT0093,3622A2LQ8,GNMA Pool,MBS,Sale,USD,2026-07-05,250000,111106.76,INTERNAL
TXN000566,ACCT0099,037833100,Apple Inc,Equity,Sale,USD,2026-08-13,100,97.51,INTERNAL
TXN000567,ACCT0053,91282CJL6,US Treasury Note 4.25%,Fixed Income,Maturity,USD,2026-07-10,25000,20728.54,INTERNAL
TXN000568,ACCT0036,037833100,Apple Inc,Equity,Dividend,USD,2026-07-21,1000,27.99,INTERNAL
TXN000569,ACCT0020,037833100,Apple Inc,Equity,Maturity,USD,2026-07-17,1000,48.48,INTERNAL
TXN000570,ACCT0038,594918104,Microsoft Corp,Equity,Purchase,USD,2026-07-12,2500,537.99,INTERNAL
TXN000571,ACCT0038,3622A2LQ8,GNMA Pool,MBS,Purchase,USD,2026-08-02,10000,7833.23,INTERNAL
TXN000572,ACCT0054,3130AW2V1,Federal Home Loan Mortgage Corp,Fixed Income,Maturity,EUR,2026-08-06,50000,16430.6,INTERNAL
TXN000573,ACCT0001,594918104,Microsoft Corp,Equity,Maturity,USD,2026-07-20,5000,3816.25,INTERNAL
TXN000574,ACCT0011,3140QY4L2,FNMA Pool,MBS,Sale,USD,2026-07-24,100000,32544.13,INTERNAL
TXN000575,ACCT0004,594918104,Microsoft Corp,Equity,Interest,USD,2026-07-11,500,18.68,INTERNAL
TXN000576,ACCT0012,459200101,IBM Corp,Equity,Maturity,USD,2026-08-11,100,25.6,INTERNAL
TXN000577,ACCT0054,91282CJL6,US Treasury Note 4.25%,Fixed Income,Principal Paydown,USD,2026-07-19,25000,13514.05,INTERNAL
TXN000578,ACCT0033,91282CJL6,US Treasury Note 4.25%,Fixed Income,Principal Paydown,USD,2026-07-14,10000,5615.68,INTERNAL
TXN000579,ACCT0040,3130AW2V1,Federal Home Loan Mortgage Corp,Fixed Income,Principal Paydown,USD,2026-07-02,50000,48015.58,INTERNAL
TXN000580,ACCT0062,91282CJL6,US Treasury Note 4.25%,Fixed Income,Principal Paydown,USD,2026-07-26,25000,25023.49,INTERNAL
TXN000581,ACCT0087,3622A2LQ8,GNMA Pool,MBS,Dividend,USD,2026-07-04,500000,4876.25,INTERNAL
TXN000582,ACCT0100,3622A2LQ8,GNMA Pool,MBS,Interest,USD,2026-07-20,50000,383.53,INTERNAL
TXN000583,ACCT0093,037833100,Apple Inc,Equity,Purchase,USD,2026-07-19,5000,303.19,INTERNAL
TXN000584,ACCT0016,3622A2LQ8,GNMA Pool,MBS,Sale,USD,2026-07-07,1000000,544988.4,INTERNAL
TXN000585,ACCT0088,037833100,Apple Inc,Equity,Principal Paydown,USD,2026-07-11,2500,2179.43,INTERNAL
TXN000586,ACCT0017,91282CJL6,US Treasury Note 4.25%,Fixed Income,Sale,USD,2026-08-09,1000000,9617.69,INTERNAL
TXN000587,ACCT0048,3622A2LQ8,GNMA Pool,MBS,Interest,USD,2026-07-27,25000,608.74,INTERNAL
TXN000588,ACCT0057,3130AW2V1,Federal Home Loan Mortgage Corp,Fixed Income,Purchase,EUR,2026-08-11,250000,53343.66,INTERNAL
TXN000589,ACCT0009,459200101,IBM Corp,Equity,Sale,USD,2026-08-02,500,164.69,INTERNAL
TXN000590,ACCT0017,037833100,Apple Inc,Equity,Interest,USD,2026-08-14,5000,164.83,INTERNAL
TXN000591,ACCT0096,037833100,Apple Inc,Equity,Maturity,USD,2026-07-01,250,203.68,INTERNAL
TXN000592,ACCT0052,459200101,IBM Corp,Equity,Interest,USD,2026-08-05,2500,91.77,INTERNAL
TXN000593,ACCT0080,037833100,Apple Inc,Equity,Interest,GBP,2026-07-07,100,3.67,INTERNAL
TXN000594,ACCT0033,459200101,IBM Corp,Equity,Interest,USD,2026-07-16,1000,22.63,INTERNAL
TXN000595,ACCT0020,3133EPH56,Federal Home Loan Bank Note,Fixed Income,Purchase,USD,2026-07-09,1000000,479577.84,INTERNAL
TXN000596,ACCT0020,037833100,Apple Inc,Equity,Principal Paydown,USD,2026-07-23,5000,4181.4,INTERNAL
TXN000597,ACCT0083,037833100,Apple Inc,Equity,Principal Paydown,USD,2026-08-09,1000,626.65,INTERNAL
TXN000598,ACCT0025,3130AW2V1,Federal Home Loan Mortgage Corp,Fixed Income,Sale,USD,2026-08-03,250000,17386.79,INTERNAL
TXN000599,ACCT0080,459200101,IBM Corp,Equity,Purchase,USD,2026-07-28,100,62.34,INTERNAL
TXN000600,ACCT0005,3133EPH56,Federal Home Loan Bank Note,Fixed Income,Principal Paydown,USD,2026-07-25,1000000,575144.95,INTERNAL
TXN000601,ACCT0083,3140QY4L2,FNMA Pool,MBS,Interest,USD,2026-07-28,25000,143.18,INTERNAL
TXN000602,ACCT0040,3140QY4L2,FNMA Pool,MBS,Principal Paydown,USD,2026-08-03,25000,2200.04,INTERNAL
TXN000603,ACCT0026,594918104,Microsoft Corp,Equity,Purchase,EUR,2026-07-04,250,191.59,INTERNAL
TXN000604,ACCT0028,3130AW2V1,Federal Home Loan Mortgage Corp,Fixed Income,Maturity,USD,2026-07-24,500000,356378.83,INTERNAL
TXN000605,ACCT0040,594918104,Microsoft Corp,Equity,Dividend,USD,2026-07-18,100,1.09,INTERNAL
TXN000606,ACCT0042,3622A2LQ8,GNMA Pool,MBS,Maturity,USD,2026-07-26,10000,3218.1,INTERNAL
TXN000607,ACCT0079,3133EPH56,Federal Home Loan Bank Note,Fixed Income,Dividend,USD,2026-07-22,1000000,16363.57,INTERNAL
TXN000608,ACCT0013,3130AW2V1,Federal Home Loan Mortgage Corp,Fixed Income,Principal Paydown,USD,2026-07-11,50000,50255.06,INTERNAL
TXN000609,ACCT0024,037833100,Apple Inc,Equity,Dividend,USD,2026-07-09,250,4.11,INTERNAL
TXN000610,ACCT0018,459200101,IBM Corp,Equity,Maturity,USD,2026-08-03,500,497.48,INTERNAL
TXN000611,ACCT0089,3140QY4L2,FNMA Pool,MBS,Sale,USD,2026-07-10,1000000,255150.81,INTERNAL
TXN000612,ACCT0050,594918104,Microsoft Corp,Equity,Purchase,USD,2026-08-08,2500,1569.17,INTERNAL
TXN000613,ACCT0081,3133EPH56,Federal Home Loan Bank Note,Fixed Income,Interest,USD,2026-07-10,500000,12357.81,INTERNAL
TXN000614,ACCT0041,3140QY4L2,FNMA Pool,MBS,Interest,USD,2026-08-11,1000000,18949.21,INTERNAL
TXN000615,ACCT0054,3133EPH56,Federal Home Loan Bank Note,Fixed Income,Sale,USD,2026-07-21,10000,185.5,INTERNAL
TXN000616,ACCT0066,459200101,IBM Corp,Equity,Purchase,USD,2026-08-09,100,92.51,INTERNAL
TXN000617,ACCT0012,3130AW2V1,Federal Home Loan Mortgage Corp,Fixed Income,Interest,USD,2026-07-11,250000,2608.55,INTERNAL
TXN000618,ACCT0093,3130AW2V1,Federal Home Loan Mortgage Corp,Fixed Income,Sale,USD,2026-08-04,500000,161984.17,INTERNAL
TXN000619,ACCT0088,3133EPH56,Federal Home Loan Bank Note,Fixed Income,Sale,EUR,2026-07-18,100000,93763.07,INTERNAL
TXN000620,ACCT0027,3133EPH56,Federal Home Loan Bank Note,Fixed Income,Dividend,USD,2026-08-13,50000,190.2,INTERNAL
TXN000621,ACCT0096,91282CJL6,US Treasury Note 4.25%,Fixed Income,Purchase,USD,2026-08-12,25000,4374.99,INTERNAL
TXN000622,ACCT0058,91282CJL6,US Treasury Note 4.25%,Fixed Income,Dividend,USD,2026-08-04,250000,6922.18,INTERNAL
TXN000623,ACCT0031,3130AW2V1,Federal Home Loan Mortgage Corp,Fixed Income,Maturity,USD,2026-07-13,25000,23914.6,INTERNAL
TXN000624,ACCT0048,3140QY4L2,FNMA Pool,MBS,Sale,USD,2026-07-30,250000,115355.57,INTERNAL
TXN000625,ACCT0066,037833100,Apple Inc,Equity,Sale,USD,2026-07-13,2500,699.37,INTERNAL
TXN000626,ACCT0020,3133EPH56,Federal Home Loan Bank Note,Fixed Income,Sale,USD,2026-07-03,50000,23217.71,INTERNAL
TXN000627,ACCT0074,3130AW2V1,Federal Home Loan Mortgage Corp,Fixed Income,Purchase,USD,2026-07-06,25000,17582.43,INTERNAL
TXN000628,ACCT0028,459200101,IBM Corp,Equity,Principal Paydown,USD,2026-07-05,1000,45.73,INTERNAL
TXN000629,ACCT0004,037833100,Apple Inc,Equity,Purchase,USD,2026-07-03,1000,792.89,INTERNAL
TXN000630,ACCT0007,3140QY4L2,FNMA Pool,MBS,Purchase,USD,2026-07-04,25000,25398.6,INTERNAL
TXN000631,ACCT0015,3140QY4L2,FNMA Pool,MBS,Purchase,USD,2026-08-03,10000,7265.28,INTERNAL
TXN000632,ACCT0081,594918104,Microsoft Corp,Equity,Maturity,USD,2026-07-27,100,36.22,INTERNAL
TXN000633,ACCT0006,91282CJL6,US Treasury Note 4.25%,Fixed Income,Maturity,EUR,2026-08-08,50000,3674.88,INTERNAL
TXN000634,ACCT0095,3140QY4L2,FNMA Pool,MBS,Principal Paydown,USD,2026-08-14,500000,491862.81,INTERNAL
TXN000635,ACCT0019,3133EPH56,Federal Home Loan Bank Note,Fixed Income,Interest,USD,2026-07-03,250000,1413.81,INTERNAL
TXN000636,ACCT0072,594918104,Microsoft Corp,Equity,Purchase,GBP,2026-07-08,5000,3430.4,INTERNAL
TXN000637,ACCT0074,3140QY4L2,FNMA Pool,MBS,Sale,USD,2026-07-02,50000,44230.59,INTERNAL
TXN000638,ACCT0050,3130AW2V1,Federal Home Loan Mortgage Corp,Fixed Income,Interest,USD,2026-08-06,100000,1177.86,INTERNAL
TXN000639,ACCT0015,91282CJL6,US Treasury Note 4.25%,Fixed Income,Interest,USD,2026-07-04,1000000,34834.83,INTERNAL
TXN000640,ACCT0056,3133EPH56,Federal Home Loan Bank Note,Fixed Income,Principal Paydown,USD,2026-07-12,25000,733.48,INTERNAL
TXN000641,ACCT0058,3133EPH56,Federal Home Loan Bank Note,Fixed Income,Purchase,USD,2026-07-18,500000,283500.22,INTERNAL
TXN000642,ACCT0093,91282CJL6,US Treasury Note 4.25%,Fixed Income,Purchase,EUR,2026-07-14,1000000,777214.89,INTERNAL
TXN000643,ACCT0001,037833100,Apple Inc,Equity,Purchase,USD,2026-07-04,5000,2131.02,INTERNAL
TXN000644,ACCT0098,3133EPH56,Federal Home Loan Bank Note,Fixed Income,Interest,USD,2026-07-05,1000000,28648.29,INTERNAL
TXN000645,ACCT0062,594918104,Microsoft Corp,Equity,Sale,USD,2026-08-03,5000,1815.94,INTERNAL
TXN000646,ACCT0076,91282CJL6,US Treasury Note 4.25%,Fixed Income,Interest,USD,2026-07-02,50000,1642.55,INTERNAL
TXN000647,ACCT0030,3133EPH56,Federal Home Loan Bank Note,Fixed Income,Interest,USD,2026-08-06,500000,4701.92,INTERNAL
TXN000648,ACCT0037,037833100,Apple Inc,Equity,Principal Paydown,USD,2026-07-06,250,132.41,INTERNAL
TXN000649,ACCT0036,91282CJL6,US Treasury Note 4.25%,Fixed Income,Interest,USD,2026-07-11,10000,128.25,INTERNAL
TXN000650,ACCT0012,037833100,Apple Inc,Equity,Dividend,USD,2026-07-06,1000,13.4,INTERNAL
TXN000651,ACCT0031,3130AW2V1,Federal Home Loan Mortgage Corp,Fixed Income,Maturity,GBP,2026-08-06,25000,22431.33,INTERNAL
TXN000652,ACCT0049,3140QY4L2,FNMA Pool,MBS,Purchase,USD,2026-08-12,100000,27779.7,INTERNAL
TXN000653,ACCT0028,3130AW2V1,Federal Home Loan Mortgage Corp,Fixed Income,Sale,USD,2026-07-05,10000,3163.06,INTERNAL
TXN000654,ACCT0048,3622A2LQ8,GNMA Pool,MBS,Interest,USD,2026-07-01,10000,47.28,INTERNAL
TXN000655,ACCT0035,91282CJL6,US Treasury Note 4.25%,Fixed Income,Principal Paydown,USD,2026-07-09,100000,77915.27,INTERNAL
TXN000656,ACCT0057,459200101,IBM Corp,Equity,Dividend,USD,2026-07-27,250,7.24,INTERNAL
TXN000657,ACCT0096,037833100,Apple Inc,Equity,Principal Paydown,USD,2026-07-25,500,165.83,INTERNAL
TXN000658,ACCT0010,91282CJL6,US Treasury Note 4.25%,Fixed Income,Maturity,USD,2026-07-05,10000,2825.96,INTERNAL
TXN000659,ACCT0010,594918104,Microsoft Corp,Equity,Purchase,USD,2026-07-02,1000,430.63,INTERNAL
TXN000660,ACCT0055,3140QY4L2,FNMA Pool,MBS,Maturity,USD,2026-08-02,250000,147862.27,INTERNAL
TXN000661,ACCT0048,3140QY4L2,FNMA Pool,MBS,Interest,USD,2026-08-08,1000000,20885.22,INTERNAL
TXN000662,ACCT0009,3133EPH56,Federal Home Loan Bank Note,Fixed Income,Dividend,USD,2026-07-15,100000,3997.75,INTERNAL
TXN000663,ACCT0012,037833100,Apple Inc,Equity,Dividend,EUR,2026-07-02,250,1.18,INTERNAL
TXN000664,ACCT0049,459200101,IBM Corp,Equity,Purchase,USD,2026-07-28,2500,747.87,INTERNAL
TXN000665,ACCT0002,91282CJL6,US Treasury Note 4.25%,Fixed Income,Dividend,USD,2026-07-15,10000,138.26,INTERNAL
TXN000666,ACCT0085,594918104,Microsoft Corp,Equity,Sale,USD,2026-07-10,2500,1542.96,INTERNAL
TXN000667,ACCT0049,91282CJL6,US Treasury Note 4.25%,Fixed Income,Dividend,USD,2026-07-23,1000000,37877.53,INTERNAL
TXN000668,ACCT0053,3130AW2V1,Federal Home Loan Mortgage Corp,Fixed Income,Interest,EUR,2026-07-16,25000,383.78,INTERNAL
TXN000669,ACCT0083,594918104,Microsoft Corp,Equity,Principal Paydown,USD,2026-08-03,1000,348.26,INTERNAL
TXN000670,ACCT0014,3133EPH56,Federal Home Loan Bank Note,Fixed Income,Interest,USD,2026-07-23,250000,8057.49,INTERNAL
TXN000671,ACCT0012,3622A2LQ8,GNMA Pool,MBS,Principal Paydown,USD,2026-07-24,50000,1772.96,INTERNAL
TXN000672,ACCT0057,91282CJL6,US Treasury Note 4.25%,Fixed Income,Principal Paydown,USD,2026-07-23,25000,9118.28,INTERNAL
TXN000673,ACCT0032,3622A2LQ8,GNMA Pool,MBS,Purchase,USD,2026-08-08,250000,170241.87,INTERNAL
TXN000674,ACCT0069,3130AW2V1,Federal Home Loan Mortgage Corp,Fixed Income,Purchase,USD,2026-07-27,1000000,322364.51,INTERNAL
TXN000675,ACCT0045,3130AW2V1,Federal Home Loan Mortgage Corp,Fixed Income,Principal Paydown,EUR,2026-07-17,250000,34870.43,INTERNAL
TXN000676,ACCT0073,3622A2LQ8,GNMA Pool,MBS,Interest,USD,2026-08-08,1000000,21275.45,INTERNAL
TXN000677,ACCT0096,3140QY4L2,FNMA Pool,MBS,Purchase,USD,2026-07-14,1000000,465113.88,INTERNAL
TXN000678,ACCT0057,3133EPH56,Federal Home Loan Bank Note,Fixed Income,Dividend,USD,2026-08-11,100000,970.18,INTERNAL
TXN000679,ACCT0040,037833100,Apple Inc,Equity,Dividend,GBP,2026-07-20,1000,7.25,INTERNAL
TXN000680,ACCT0086,037833100,Apple Inc,Equity,Purchase,USD,2026-08-03,250,236.4,INTERNAL
TXN000681,ACCT0084,91282CJL6,US Treasury Note 4.25%,Fixed Income,Interest,USD,2026-07-24,250000,1153.86,INTERNAL
TXN000682,ACCT0037,3140QY4L2,FNMA Pool,MBS,Dividend,USD,2026-08-09,10000,216.04,INTERNAL
TXN000683,ACCT0014,3130AW2V1,Federal Home Loan Mortgage Corp,Fixed Income,Sale,USD,2026-08-14,10000,6727.05,INTERNAL
TXN000684,ACCT0007,3622A2LQ8,GNMA Pool,MBS,Interest,USD,2026-07-14,100000,2556.12,INTERNAL
TXN000685,ACCT0011,594918104,Microsoft Corp,Equity,Interest,USD,2026-08-08,250,6.76,INTERNAL
TXN000686,ACCT0088,3140QY4L2,FNMA Pool,MBS,Maturity,EUR,2026-08-09,100000,8991.41,INTERNAL
TXN000687,ACCT0091,3140QY4L2,FNMA Pool,MBS,Sale,USD,2026-07-26,500000,284817.68,INTERNAL
TXN000688,ACCT0045,459200101,IBM Corp,Equity,Sale,USD,2026-07-26,100,33.67,INTERNAL
TXN000689,ACCT0019,3130AW2V1,Federal Home Loan Mortgage Corp,Fixed Income,Purchase,USD,2026-08-04,250000,67696.58,INTERNAL
TXN000690,ACCT0068,459200101,IBM Corp,Equity,Maturity,USD,2026-07-01,5000,1723.65,INTERNAL
TXN000691,ACCT0082,3130AW2V1,Federal Home Loan Mortgage Corp,Fixed Income,Principal Paydown,USD,2026-08-06,1000000,706333.49,INTERNAL
TXN000692,ACCT0094,3622A2LQ8,GNMA Pool,MBS,Interest,EUR,2026-07-14,10000,317.27,INTERNAL
TXN000693,ACCT0035,91282CJL6,US Treasury Note 4.25%,Fixed Income,Interest,USD,2026-08-05,10000,320.03,INTERNAL
TXN000694,ACCT0062,91282CJL6,US Treasury Note 4.25%,Fixed Income,Sale,USD,2026-07-04,500000,404647.58,INTERNAL
TXN000695,ACCT0051,3140QY4L2,FNMA Pool,MBS,Principal Paydown,USD,2026-08-13,500000,224559.0,INTERNAL
TXN000696,ACCT0044,3140QY4L2,FNMA Pool,MBS,Maturity,USD,2026-08-01,50000,28230.98,INTERNAL
TXN000697,ACCT0035,3140QY4L2,FNMA Pool,MBS,Dividend,USD,2026-08-11,25000,470.04,INTERNAL
TXN000698,ACCT0031,037833100,Apple Inc,Equity,Dividend,USD,2026-08-01,1000,27.7,INTERNAL
TXN000699,ACCT0096,037833100,Apple Inc,Equity,Purchase,USD,2026-07-27,250,1.13,INTERNAL
TXN000700,ACCT0075,594918104,Microsoft Corp,Equity,Maturity,USD,2026-08-06,1000,731.96,INTERNAL
TXN000701,ACCT0039,594918104,Microsoft Corp,Equity,Maturity,USD,2026-07-19,5000,2913.89,INTERNAL
TXN000702,ACCT0081,91282CJL6,US Treasury Note 4.25%,Fixed Income,Dividend,USD,2026-07-20,500000,10434.62,INTERNAL
TXN000703,ACCT0013,3140QY4L2,FNMA Pool,MBS,Principal Paydown,GBP,2026-08-13,100000,72199.8,INTERNAL
TXN000704,ACCT0085,459200101,IBM Corp,Equity,Maturity,USD,2026-08-03,5000,3112.0,INTERNAL
TXN000705,ACCT0087,3133EPH56,Federal Home Loan Bank Note,Fixed Income,Sale,USD,2026-07-28,500000,266116.29,INTERNAL
TXN000706,ACCT0068,3622A2LQ8,GNMA Pool,MBS,Maturity,USD,2026-07-23,500000,221053.58,INTERNAL
TXN000707,ACCT0005,91282CJL6,US Treasury Note 4.25%,Fixed Income,Maturity,USD,2026-07-22,500000,247551.59,INTERNAL
TXN000708,ACCT0030,91282CJL6,US Treasury Note 4.25%,Fixed Income,Maturity,USD,2026-07-08,10000,7198.18,INTERNAL
TXN000709,ACCT0035,594918104,Microsoft Corp,Equity,Sale,USD,2026-07-07,2500,777.62,INTERNAL
TXN000710,ACCT0066,459200101,IBM Corp,Equity,Purchase,USD,2026-07-11,500,168.98,INTERNAL
TXN000711,ACCT0087,3140QY4L2,FNMA Pool,MBS,Dividend,USD,2026-07-21,1000000,34374.67,INTERNAL
TXN000712,ACCT0004,3130AW2V1,Federal Home Loan Mortgage Corp,Fixed Income,Maturity,USD,2026-07-24,25000,7493.3,INTERNAL
TXN000713,ACCT0053,594918104,Microsoft Corp,Equity,Purchase,USD,2026-07-29,1000,525.58,INTERNAL
TXN000714,ACCT0079,037833100,Apple Inc,Equity,Interest,USD,2026-07-09,5000,164.32,INTERNAL
TXN000715,ACCT0100,594918104,Microsoft Corp,Equity,Purchase,USD,2026-07-14,250,194.42,INTERNAL
TXN000716,ACCT0083,3133EPH56,Federal Home Loan Bank Note,Fixed Income,Dividend,USD,2026-07-07,100000,1670.67,INTERNAL
TXN000717,ACCT0080,037833100,Apple Inc,Equity,Sale,USD,2026-07-29,100,78.15,INTERNAL
TXN000718,ACCT0100,3622A2LQ8,GNMA Pool,MBS,Sale,USD,2026-08-11,50000,40856.29,INTERNAL
TXN000719,ACCT0081,3140QY4L2,FNMA Pool,MBS,Sale,USD,2026-07-21,500000,149930.65,INTERNAL
TXN000720,ACCT0048,3133EPH56,Federal Home Loan Bank Note,Fixed Income,Sale,USD,2026-07-04,100000,4719.64,INTERNAL
TXN000721,ACCT0069,459200101,IBM Corp,Equity,Sale,USD,2026-08-12,250,112.05,INTERNAL
TXN000722,ACCT0001,3130AW2V1,Federal Home Loan Mortgage Corp,Fixed Income,Interest,USD,2026-08-04,100000,3755.09,INTERNAL
TXN000723,ACCT0036,3133EPH56,Federal Home Loan Bank Note,Fixed Income,Principal Paydown,USD,2026-07-09,250000,57960.61,INTERNAL
TXN000724,ACCT0058,037833100,Apple Inc,Equity,Purchase,USD,2026-08-10,100,61.54,INTERNAL
TXN000725,ACCT0051,037833100,Apple Inc,Equity,Maturity,USD,2026-07-15,5000,4918.2,INTERNAL
TXN000726,ACCT0067,3622A2LQ8,GNMA Pool,MBS,Sale,USD,2026-07-19,100000,85255.23,INTERNAL
TXN000727,ACCT0011,594918104,Microsoft Corp,Equity,Dividend,GBP,2026-07-10,2500,23.03,INTERNAL
TXN000728,ACCT0031,3622A2LQ8,GNMA Pool,MBS,Purchase,USD,2026-07-19,500000,300811.6,INTERNAL
TXN000729,ACCT0028,91282CJL6,US Treasury Note 4.25%,Fixed Income,Interest,USD,2026-07-30,25000,557.66,INTERNAL
TXN000730,ACCT0068,91282CJL6,US Treasury Note 4.25%,Fixed Income,Sale,USD,2026-07-08,250000,13684.4,INTERNAL
TXN000731,ACCT0077,594918104,Microsoft Corp,Equity,Principal Paydown,USD,2026-07-12,250,219.16,INTERNAL
TXN000732,ACCT0009,3130AW2V1,Federal Home Loan Mortgage Corp,Fixed Income,Dividend,USD,2026-08-09,50000,703.54,INTERNAL
TXN000733,ACCT0022,459200101,IBM Corp,Equity,Maturity,EUR,2026-07-10,5000,301.61,INTERNAL
TXN000734,ACCT0034,3140QY4L2,FNMA Pool,MBS,Dividend,USD,2026-07-31,25000,448.82,INTERNAL
TXN000735,ACCT0062,3133EPH56,Federal Home Loan Bank Note,Fixed Income,Dividend,USD,2026-08-08,50000,783.87,INTERNAL
TXN000736,ACCT0038,91282CJL6,US Treasury Note 4.25%,Fixed Income,Maturity,USD,2026-08-05,1000000,896124.4,INTERNAL
TXN000737,ACCT0074,3130AW2V1,Federal Home Loan Mortgage Corp,Fixed Income,Principal Paydown,USD,2026-07-03,25000,1407.37,INTERNAL
TXN000738,ACCT0010,459200101,IBM Corp,Equity,Maturity,USD,2026-08-04,500,94.9,INTERNAL
TXN000739,ACCT0024,3130AW2V1,Federal Home Loan Mortgage Corp,Fixed Income,Dividend,USD,2026-07-28,250000,869.65,INTERNAL
TXN000740,ACCT0043,3622A2LQ8,GNMA Pool,MBS,Sale,USD,2026-08-14,100000,76748.56,INTERNAL
TXN000741,ACCT0009,3622A2LQ8,GNMA Pool,MBS,Interest,USD,2026-07-02,100000,3556.71,INTERNAL
TXN000742,ACCT0034,3133EPH56,Federal Home Loan Bank Note,Fixed Income,Dividend,USD,2026-07-30,250000,1954.45,INTERNAL
TXN000743,ACCT0076,594918104,Microsoft Corp,Equity,Maturity,GBP,2026-07-09,2500,2213.04,INTERNAL
TXN000744,ACCT0039,3622A2LQ8,GNMA Pool,MBS,Sale,USD,2026-08-08,1000000,849348.95,INTERNAL
TXN000745,ACCT0057,037833100,Apple Inc,Equity,Sale,USD,2026-07-22,1000,651.78,INTERNAL
TXN000746,ACCT0097,3622A2LQ8,GNMA Pool,MBS,Interest,USD,2026-08-08,100000,3237.55,INTERNAL
TXN000747,ACCT0022,3622A2LQ8,GNMA Pool,MBS,Sale,USD,2026-08-04,10000,9551.32,INTERNAL
TXN000748,ACCT0023,459200101,IBM Corp,Equity,Purchase,USD,2026-07-08,5000,4972.56,INTERNAL
TXN000749,ACCT0019,3130AW2V1,Federal Home Loan Mortgage Corp,Fixed Income,Dividend,USD,2026-07-21,500000,5012.68,INTERNAL
TXN000750,ACCT0026,594918104,Microsoft Corp,Equity,Purchase,USD,2026-07-10,100,73.19,INTERNAL
TXN000751,ACCT0052,594918104,Microsoft Corp,Equity,Principal Paydown,USD,2026-08-03,250,22.1,INTERNAL
TXN000752,ACCT0049,3133EPH56,Federal Home Loan Bank Note,Fixed Income,Sale,USD,2026-07-21,250000,88001.16,INTERNAL
TXN000753,ACCT0033,3130AW2V1,Federal Home Loan Mortgage Corp,Fixed Income,Interest,USD,2026-07-22,1000000,39550.7,INTERNAL
TXN000754,ACCT0084,3130AW2V1,Federal Home Loan Mortgage Corp,Fixed Income,Principal Paydown,USD,2026-07-03,500000,403125.15,INTERNAL
TXN000755,ACCT0094,3622A2LQ8,GNMA Pool,MBS,Principal Paydown,GBP,2026-07-30,250000,160999.54,INTERNAL
TXN000756,ACCT0036,3140QY4L2,FNMA Pool,MBS,Sale,USD,2026-08-06,250000,202172.19,INTERNAL
TXN000757,ACCT0097,3140QY4L2,FNMA Pool,MBS,Purchase,USD,2026-07-05,10000,7736.65,INTERNAL
TXN000758,ACCT0069,3140QY4L2,FNMA Pool,MBS,Dividend,GBP,2026-08-11,25000,548.57,INTERNAL
TXN000759,ACCT0002,459200101,IBM Corp,Equity,Purchase,USD,2026-07-16,5000,3563.56,INTERNAL
TXN000760,ACCT0066,3133EPH56,Federal Home Loan Bank Note,Fixed Income,Interest,USD,2026-07-06,10000,233.69,INTERNAL
TXN000761,ACCT0014,3140QY4L2,FNMA Pool,MBS,Sale,USD,2026-07-19,250000,70103.39,INTERNAL
TXN000762,ACCT0016,91282CJL6,US Treasury Note 4.25%,Fixed Income,Interest,USD,2026-07-03,50000,138.27,INTERNAL
TXN000763,ACCT0057,594918104,Microsoft Corp,Equity,Purchase,USD,2026-08-12,5000,4072.68,INTERNAL
TXN000764,ACCT0040,459200101,IBM Corp,Equity,Purchase,USD,2026-07-14,100,44.06,INTERNAL
TXN000765,ACCT0064,91282CJL6,US Treasury Note 4.25%,Fixed Income,Principal Paydown,USD,2026-07-31,25000,21452.04,INTERNAL
TXN000766,ACCT0029,594918104,Microsoft Corp,Equity,Interest,USD,2026-07-02,1000,22.71,INTERNAL
TXN000767,ACCT0048,3130AW2V1,Federal Home Loan Mortgage Corp,Fixed Income,Sale,USD,2026-07-28,1000000,637600.77,INTERNAL
TXN000768,ACCT0044,594918104,Microsoft Corp,Equity,Maturity,USD,2026-07-04,500,148.77,INTERNAL
TXN000769,ACCT0065,459200101,IBM Corp,Equity,Interest,USD,2026-08-08,2500,69.84,INTERNAL
TXN000770,ACCT0038,91282CJL6,US Treasury Note 4.25%,Fixed Income,Purchase,USD,2026-08-13,10000,5194.94,INTERNAL
TXN000771,ACCT0051,037833100,Apple Inc,Equity,Purchase,USD,2026-07-13,100,43.36,INTERNAL
TXN000772,ACCT0081,3130AW2V1,Federal Home Loan Mortgage Corp,Fixed Income,Dividend,USD,2026-07-18,50000,517.79,INTERNAL
TXN000773,ACCT0003,037833100,Apple Inc,Equity,Sale,USD,2026-08-06,100,48.04,INTERNAL
TXN000774,ACCT0028,91282CJL6,US Treasury Note 4.25%,Fixed Income,Maturity,USD,2026-08-12,25000,8298.96,INTERNAL
TXN000775,ACCT0021,3622A2LQ8,GNMA Pool,MBS,Interest,USD,2026-08-07,250000,4020.97,INTERNAL
TXN000776,ACCT0096,594918104,Microsoft Corp,Equity,Interest,USD,2026-07-08,5000,10.37,INTERNAL
TXN000777,ACCT0072,594918104,Microsoft Corp,Equity,Maturity,USD,2026-07-22,2500,2332.66,INTERNAL
TXN000778,ACCT0084,3130AW2V1,Federal Home Loan Mortgage Corp,Fixed Income,Dividend,USD,2026-07-02,25000,856.92,INTERNAL
TXN000779,ACCT0072,459200101,IBM Corp,Equity,Purchase,EUR,2026-07-30,5000,2635.72,INTERNAL
TXN000780,ACCT0014,3622A2LQ8,GNMA Pool,MBS,Dividend,USD,2026-08-09,250000,4300.63,INTERNAL
TXN000781,ACCT0011,3140QY4L2,FNMA Pool,MBS,Interest,USD,2026-08-06,500000,11076.56,INTERNAL
TXN000782,ACCT0082,3130AW2V1,Federal Home Loan Mortgage Corp,Fixed Income,Interest,USD,2026-08-01,500000,11393.31,INTERNAL
TXN000783,ACCT0056,91282CJL6,US Treasury Note 4.25%,Fixed Income,Maturity,USD,2026-08-08,500000,197664.33,INTERNAL
TXN000784,ACCT0067,3140QY4L2,FNMA Pool,MBS,Maturity,USD,2026-07-18,100000,55665.73,INTERNAL
TXN000785,ACCT0028,3140QY4L2,FNMA Pool,MBS,Principal Paydown,USD,2026-08-09,1000000,354228.88,INTERNAL
TXN000786,ACCT0010,459200101,IBM Corp,Equity,Principal Paydown,EUR,2026-07-25,250,211.39,INTERNAL
TXN000787,ACCT0052,3133EPH56,Federal Home Loan Bank Note,Fixed Income,Purchase,USD,2026-07-11,100000,59865.94,INTERNAL
TXN000788,ACCT0030,3622A2LQ8,GNMA Pool,MBS,Maturity,USD,2026-07-12,10000,3508.57,INTERNAL
TXN000789,ACCT0082,037833100,Apple Inc,Equity,Sale,USD,2026-07-04,500,95.5,INTERNAL
TXN000790,ACCT0021,3133EPH56,Federal Home Loan Bank Note,Fixed Income,Sale,USD,2026-07-15,25000,22489.76,INTERNAL
TXN000791,ACCT0095,594918104,Microsoft Corp,Equity,Dividend,USD,2026-07-29,250,9.61,INTERNAL
TXN000792,ACCT0067,91282CJL6,US Treasury Note 4.25%,Fixed Income,Interest,USD,2026-07-27,10000,379.83,INTERNAL
TXN000793,ACCT0070,91282CJL6,US Treasury Note 4.25%,Fixed Income,Maturity,USD,2026-07-06,50000,6703.16,INTERNAL
TXN000794,ACCT0016,459200101,IBM Corp,Equity,Maturity,USD,2026-07-30,100,50.89,INTERNAL
TXN000795,ACCT0072,91282CJL6,US Treasury Note 4.25%,Fixed Income,Interest,USD,2026-08-12,250000,5457.93,INTERNAL
TXN000796,ACCT0014,3133EPH56,Federal Home Loan Bank Note,Fixed Income,Purchase,USD,2026-07-30,25000,1444.0,INTERNAL
TXN000797,ACCT0059,459200101,IBM Corp,Equity,Purchase,USD,2026-07-03,100,45.1,INTERNAL
TXN000798,ACCT0014,91282CJL6,US Treasury Note 4.25%,Fixed Income,Maturity,GBP,2026-07-04,25000,5652.34,INTERNAL
TXN000799,ACCT0043,3140QY4L2,FNMA Pool,MBS,Maturity,USD,2026-07-25,1000000,999254.87,INTERNAL
TXN000800,ACCT0010,594918104,Microsoft Corp,Equity,Principal Paydown,USD,2026-07-31,250,4.1,INTERNAL
TXN000801,ACCT0036,037833100,Apple Inc,Equity,Maturity,USD,2026-07-13,250,182.75,INTERNAL
TXN000802,ACCT0007,3140QY4L2,FNMA Pool,MBS,Principal Paydown,USD,2026-07-25,50000,9472.69,INTERNAL
TXN000803,ACCT0027,3140QY4L2,FNMA Pool,MBS,Maturity,USD,2026-07-13,25000,15631.08,INTERNAL
TXN000804,ACCT0065,3133EPH56,Federal Home Loan Bank Note,Fixed Income,Dividend,USD,2026-07-02,100000,2283.4,INTERNAL
TXN000805,ACCT0020,3130AW2V1,Federal Home Loan Mortgage Corp,Fixed Income,Dividend,USD,2026-08-14,10000,104.24,INTERNAL
TXN000806,ACCT0070,3140QY4L2,FNMA Pool,MBS,Dividend,USD,2026-08-05,500000,13387.28,INTERNAL
TXN000807,ACCT0078,037833100,Apple Inc,Equity,Purchase,USD,2026-07-23,500,181.73,INTERNAL
TXN000808,ACCT0083,037833100,Apple Inc,Equity,Sale,USD,2026-07-18,100,32.1,INTERNAL
TXN000809,ACCT0068,594918104,Microsoft Corp,Equity,Interest,USD,2026-07-20,5000,35.7,INTERNAL
TXN000810,ACCT0034,459200101,IBM Corp,Equity,Purchase,USD,2026-07-11,1000,271.85,INTERNAL
TXN000811,ACCT0055,3130AW2V1,Federal Home Loan Mortgage Corp,Fixed Income,Maturity,USD,2026-07-09,1000000,683080.1,INTERNAL
TXN000812,ACCT0096,037833100,Apple Inc,Equity,Sale,USD,2026-07-14,5000,1501.56,INTERNAL
TXN000813,ACCT0076,3140QY4L2,FNMA Pool,MBS,Sale,USD,2026-08-13,100000,71832.39,INTERNAL
TXN000814,ACCT0029,3133EPH56,Federal Home Loan Bank Note,Fixed Income,Principal Paydown,USD,2026-07-30,10000,8053.47,INTERNAL
TXN000815,ACCT0042,594918104,Microsoft Corp,Equity,Dividend,USD,2026-07-28,250,6.65,INTERNAL
TXN000816,ACCT0006,91282CJL6,US Treasury Note 4.25%,Fixed Income,Interest,USD,2026-07-19,500000,11905.7,INTERNAL
TXN000817,ACCT0073,3133EPH56,Federal Home Loan Bank Note,Fixed Income,Principal Paydown,USD,2026-07-14,50000,14056.9,INTERNAL
TXN000818,ACCT0003,3140QY4L2,FNMA Pool,MBS,Purchase,USD,2026-08-11,1000000,550982.95,INTERNAL
TXN000819,ACCT0077,3622A2LQ8,GNMA Pool,MBS,Sale,USD,2026-08-03,25000,2619.21,INTERNAL
TXN000820,ACCT0022,3140QY4L2,FNMA Pool,MBS,Principal Paydown,USD,2026-07-10,25000,8275.63,INTERNAL
TXN000821,ACCT0030,3622A2LQ8,GNMA Pool,MBS,Maturity,USD,2026-07-20,250000,230871.56,INTERNAL
TXN000822,ACCT0068,3140QY4L2,FNMA Pool,MBS,Purchase,USD,2026-07-14,100000,92574.87,INTERNAL
TXN000823,ACCT0033,91282CJL6,US Treasury Note 4.25%,Fixed Income,Interest,USD,2026-07-15,500000,10853.03,INTERNAL
TXN000824,ACCT0027,459200101,IBM Corp,Equity,Sale,USD,2026-07-15,1000,783.68,INTERNAL
TXN000825,ACCT0055,3130AW2V1,Federal Home Loan Mortgage Corp,Fixed Income,Dividend,EUR,2026-07-15,1000000,38139.7,INTERNAL
TXN000826,ACCT0005,594918104,Microsoft Corp,Equity,Maturity,USD,2026-08-14,500,78.66,INTERNAL
TXN000827,ACCT0074,3622A2LQ8,GNMA Pool,MBS,Purchase,USD,2026-07-29,500000,463486.45,INTERNAL
TXN000828,ACCT0035,91282CJL6,US Treasury Note 4.25%,Fixed Income,Maturity,USD,2026-07-23,10000,5204.68,INTERNAL
TXN000829,ACCT0040,91282CJL6,US Treasury Note 4.25%,Fixed Income,Interest,USD,2026-07-29,500000,16118.46,INTERNAL
TXN000830,ACCT0004,594918104,Microsoft Corp,Equity,Interest,USD,2026-07-03,500,5.85,INTERNAL
TXN000831,ACCT0054,594918104,Microsoft Corp,Equity,Maturity,USD,2026-07-23,500,128.24,INTERNAL
TXN000832,ACCT0042,3140QY4L2,FNMA Pool,MBS,Maturity,USD,2026-07-27,500000,4219.25,INTERNAL
TXN000833,ACCT0064,459200101,IBM Corp,Equity,Sale,USD,2026-07-10,250,133.8,INTERNAL
TXN000834,ACCT0025,3130AW2V1,Federal Home Loan Mortgage Corp,Fixed Income,Principal Paydown,USD,2026-07-02,50000,32612.66,INTERNAL
TXN000835,ACCT0097,459200101,IBM Corp,Equity,Maturity,USD,2026-08-09,1000,469.82,INTERNAL
TXN000836,ACCT0035,3130AW2V1,Federal Home Loan Mortgage Corp,Fixed Income,Dividend,GBP,2026-07-14,25000,577.78,INTERNAL
TXN000837,ACCT0013,3622A2LQ8,GNMA Pool,MBS,Dividend,USD,2026-08-04,250000,7394.63,INTERNAL
TXN000838,ACCT0066,3130AW2V1,Federal Home Loan Mortgage Corp,Fixed Income,Maturity,USD,2026-08-11,100000,82335.75,INTERNAL
TXN000839,ACCT0009,91282CJL6,US Treasury Note 4.25%,Fixed Income,Principal Paydown,USD,2026-07-11,10000,5041.23,INTERNAL
TXN000840,ACCT0052,459200101,IBM Corp,Equity,Purchase,USD,2026-08-14,5000,1434.16,INTERNAL
TXN000841,ACCT0008,91282CJL6,US Treasury Note 4.25%,Fixed Income,Dividend,USD,2026-07-08,250000,2447.98,INTERNAL
TXN000842,ACCT0069,594918104,Microsoft Corp,Equity,Interest,USD,2026-08-03,100,0.92,INTERNAL
TXN000843,ACCT0036,91282CJL6,US Treasury Note 4.25%,Fixed Income,Sale,USD,2026-07-11,25000,17846.44,INTERNAL
TXN000844,ACCT0034,3130AW2V1,Federal Home Loan Mortgage Corp,Fixed Income,Interest,GBP,2026-07-26,100000,2780.15,INTERNAL
TXN000845,ACCT0002,91282CJL6,US Treasury Note 4.25%,Fixed Income,Principal Paydown,USD,2026-07-14,250000,46750.18,INTERNAL
TXN000846,ACCT0089,3140QY4L2,FNMA Pool,MBS,Interest,USD,2026-07-10,500000,12460.89,INTERNAL
TXN000847,ACCT0004,3133EPH56,Federal Home Loan Bank Note,Fixed Income,Maturity,USD,2026-08-01,25000,24894.31,INTERNAL
TXN000848,ACCT0049,3140QY4L2,FNMA Pool,MBS,Sale,USD,2026-07-04,250000,44240.75,INTERNAL
TXN000849,ACCT0079,3140QY4L2,FNMA Pool,MBS,Maturity,USD,2026-07-29,100000,66910.24,INTERNAL
TXN000850,ACCT0043,3133EPH56,Federal Home Loan Bank Note,Fixed Income,Maturity,USD,2026-07-23,100000,73293.0,INTERNAL
TXN000851,ACCT0081,3130AW2V1,Federal Home Loan Mortgage Corp,Fixed Income,Principal Paydown,USD,2026-07-28,10000,2012.95,INTERNAL
TXN000852,ACCT0068,3130AW2V1,Federal Home Loan Mortgage Corp,Fixed Income,Interest,USD,2026-07-09,25000,853.87,INTERNAL
TXN000853,ACCT0028,91282CJL6,US Treasury Note 4.25%,Fixed Income,Purchase,GBP,2026-08-11,100000,97539.88,INTERNAL
TXN000854,ACCT0052,037833100,Apple Inc,Equity,Dividend,USD,2026-08-01,250,7.02,INTERNAL
TXN000855,ACCT0051,3140QY4L2,FNMA Pool,MBS,Sale,USD,2026-08-05,100000,77256.12,INTERNAL
TXN000856,ACCT0051,459200101,IBM Corp,Equity,Interest,USD,2026-08-08,2500,9.0,INTERNAL
TXN000857,ACCT0036,3140QY4L2,FNMA Pool,MBS,Dividend,USD,2026-08-13,50000,113.96,INTERNAL
TXN000858,ACCT0022,594918104,Microsoft Corp,Equity,Interest,GBP,2026-08-14,5000,182.86,INTERNAL
TXN000859,ACCT0008,459200101,IBM Corp,Equity,Purchase,USD,2026-07-09,100,6.85,INTERNAL
TXN000860,ACCT0018,3622A2LQ8,GNMA Pool,MBS,Sale,USD,2026-07-19,50000,22742.14,INTERNAL
TXN000861,ACCT0072,3622A2LQ8,GNMA Pool,MBS,Principal Paydown,GBP,2026-07-12,250000,120569.47,INTERNAL
TXN000862,ACCT0040,3130AW2V1,Federal Home Loan Mortgage Corp,Fixed Income,Maturity,USD,2026-07-01,500000,64943.15,INTERNAL
TXN000863,ACCT0053,3622A2LQ8,GNMA Pool,MBS,Sale,USD,2026-07-02,1000000,640740.12,INTERNAL
TXN000864,ACCT0045,3133EPH56,Federal Home Loan Bank Note,Fixed Income,Principal Paydown,EUR,2026-08-06,500000,2558.1,INTERNAL
TXN000865,ACCT0040,3622A2LQ8,GNMA Pool,MBS,Sale,USD,2026-08-03,500000,435499.8,INTERNAL
TXN000866,ACCT0021,459200101,IBM Corp,Equity,Purchase,USD,2026-08-06,1000,61.98,INTERNAL
TXN000867,ACCT0095,3130AW2V1,Federal Home Loan Mortgage Corp,Fixed Income,Interest,EUR,2026-08-03,10000,369.74,INTERNAL
TXN000868,ACCT0085,91282CJL6,US Treasury Note 4.25%,Fixed Income,Principal Paydown,USD,2026-07-02,10000,4845.89,INTERNAL
TXN000869,ACCT0090,3130AW2V1,Federal Home Loan Mortgage Corp,Fixed Income,Interest,USD,2026-07-02,1000000,32840.68,INTERNAL
TXN000870,ACCT0074,3133EPH56,Federal Home Loan Bank Note,Fixed Income,Sale,EUR,2026-07-25,100000,24051.29,INTERNAL
TXN000871,ACCT0084,459200101,IBM Corp,Equity,Sale,USD,2026-07-20,5000,2654.69,INTERNAL
TXN000872,ACCT0070,459200101,IBM Corp,Equity,Interest,GBP,2026-07-11,1000,35.91,INTERNAL
TXN000873,ACCT0072,3622A2LQ8,GNMA Pool,MBS,Principal Paydown,USD,2026-07-22,250000,189260.2,INTERNAL
TXN000874,ACCT0012,3133EPH56,Federal Home Loan Bank Note,Fixed Income,Dividend,USD,2026-07-27,250000,7574.68,INTERNAL
TXN000875,ACCT0029,594918104,Microsoft Corp,Equity,Purchase,USD,2026-07-02,100,44.17,INTERNAL
TXN000876,ACCT0022,3140QY4L2,FNMA Pool,MBS,Purchase,USD,2026-07-08,10000,6031.67,INTERNAL
TXN000877,ACCT0003,3133EPH56,Federal Home Loan Bank Note,Fixed Income,Sale,USD,2026-07-11,25000,22860.46,INTERNAL
TXN000878,ACCT0085,594918104,Microsoft Corp,Equity,Principal Paydown,EUR,2026-07-05,250,120.52,INTERNAL
TXN000879,ACCT0015,3622A2LQ8,GNMA Pool,MBS,Principal Paydown,USD,2026-07-07,100000,73510.3,INTERNAL
TXN000880,ACCT0036,3622A2LQ8,GNMA Pool,MBS,Interest,USD,2026-07-03,500000,13414.51,INTERNAL
TXN000881,ACCT0085,3622A2LQ8,GNMA Pool,MBS,Principal Paydown,USD,2026-08-04,100000,16183.75,INTERNAL
TXN000882,ACCT0078,594918104,Microsoft Corp,Equity,Sale,USD,2026-07-01,1000,280.05,INTERNAL
TXN000883,ACCT0088,3140QY4L2,FNMA Pool,MBS,Purchase,USD,2026-07-17,1000000,384366.88,INTERNAL
TXN000884,ACCT0023,3140QY4L2,FNMA Pool,MBS,Maturity,USD,2026-07-03,250000,189463.52,INTERNAL
TXN000885,ACCT0001,3133EPH56,Federal Home Loan Bank Note,Fixed Income,Dividend,USD,2026-07-14,500000,1265.48,INTERNAL
TXN000886,ACCT0024,3130AW2V1,Federal Home Loan Mortgage Corp,Fixed Income,Principal Paydown,USD,2026-07-09,250000,156659.66,INTERNAL
TXN000887,ACCT0014,3133EPH56,Federal Home Loan Bank Note,Fixed Income,Principal Paydown,USD,2026-07-26,50000,9605.38,INTERNAL
TXN000888,ACCT0011,3130AW2V1,Federal Home Loan Mortgage Corp,Fixed Income,Interest,USD,2026-07-14,1000000,33591.76,INTERNAL
TXN000889,ACCT0030,3130AW2V1,Federal Home Loan Mortgage Corp,Fixed Income,Interest,USD,2026-07-14,100000,1097.9,INTERNAL
TXN000890,ACCT0057,3140QY4L2,FNMA Pool,MBS,Interest,USD,2026-07-15,25000,916.39,INTERNAL
TXN000891,ACCT0056,91282CJL6,US Treasury Note 4.25%,Fixed Income,Sale,USD,2026-07-13,50000,25008.38,INTERNAL
TXN000892,ACCT0033,3133EPH56,Federal Home Loan Bank Note,Fixed Income,Dividend,USD,2026-08-13,100000,2709.72,INTERNAL
TXN000893,ACCT0005,3622A2LQ8,GNMA Pool,MBS,Sale,USD,2026-07-14,25000,14914.41,INTERNAL
TXN000894,ACCT0097,037833100,Apple Inc,Equity,Maturity,USD,2026-07-10,500,167.53,INTERNAL
TXN000895,ACCT0024,594918104,Microsoft Corp,Equity,Interest,EUR,2026-08-10,100,3.97,INTERNAL
TXN000896,ACCT0050,459200101,IBM Corp,Equity,Principal Paydown,USD,2026-08-12,1000,43.23,INTERNAL
TXN000897,ACCT0043,3130AW2V1,Federal Home Loan Mortgage Corp,Fixed Income,Purchase,USD,2026-07-11,1000000,845409.89,INTERNAL
TXN000898,ACCT0062,459200101,IBM Corp,Equity,Dividend,USD,2026-08-05,5000,174.25,INTERNAL
TXN000899,ACCT0054,3130AW2V1,Federal Home Loan Mortgage Corp,Fixed Income,Principal Paydown,USD,2026-08-04,10000,2955.78,INTERNAL
TXN000900,ACCT0036,594918104,Microsoft Corp,Equity,Dividend,USD,2026-07-01,5000,61.56,INTERNAL
TXN000901,ACCT0045,91282CJL6,US Treasury Note 4.25%,Fixed Income,Maturity,USD,2026-08-08,25000,19660.73,INTERNAL
TXN000902,ACCT0014,91282CJL6,US Treasury Note 4.25%,Fixed Income,Sale,USD,2026-07-01,250000,117670.68,INTERNAL
TXN000903,ACCT0033,594918104,Microsoft Corp,Equity,Maturity,USD,2026-07-06,250,192.98,INTERNAL
TXN000904,ACCT0012,594918104,Microsoft Corp,Equity,Purchase,USD,2026-07-27,5000,631.06,INTERNAL
TXN000905,ACCT0025,037833100,Apple Inc,Equity,Maturity,USD,2026-08-14,250,194.73,INTERNAL
TXN000906,ACCT0042,3622A2LQ8,GNMA Pool,MBS,Maturity,USD,2026-08-04,1000000,867872.06,INTERNAL
TXN000907,ACCT0068,037833100,Apple Inc,Equity,Interest,USD,2026-07-31,5000,114.64,INTERNAL
TXN000908,ACCT0012,594918104,Microsoft Corp,Equity,Purchase,USD,2026-07-22,5000,2571.08,INTERNAL
TXN000909,ACCT0037,91282CJL6,US Treasury Note 4.25%,Fixed Income,Maturity,USD,2026-07-05,1000000,145977.05,INTERNAL
TXN000910,ACCT0053,3133EPH56,Federal Home Loan Bank Note,Fixed Income,Interest,GBP,2026-08-14,50000,775.49,INTERNAL
TXN000911,ACCT0029,3130AW2V1,Federal Home Loan Mortgage Corp,Fixed Income,Principal Paydown,USD,2026-07-21,25000,18519.28,INTERNAL
TXN000912,ACCT0035,3140QY4L2,FNMA Pool,MBS,Sale,USD,2026-07-01,25000,17247.8,INTERNAL
TXN000913,ACCT0071,3130AW2V1,Federal Home Loan Mortgage Corp,Fixed Income,Dividend,GBP,2026-07-17,500000,1465.19,INTERNAL
TXN000914,ACCT0017,459200101,IBM Corp,Equity,Principal Paydown,USD,2026-07-05,250,207.54,INTERNAL
TXN000915,ACCT0058,459200101,IBM Corp,Equity,Sale,USD,2026-08-11,100,56.57,INTERNAL
TXN000916,ACCT0085,91282CJL6,US Treasury Note 4.25%,Fixed Income,Dividend,USD,2026-07-08,500000,17124.71,INTERNAL
TXN000917,ACCT0068,3133EPH56,Federal Home Loan Bank Note,Fixed Income,Dividend,USD,2026-07-31,10000,48.63,INTERNAL
TXN000918,ACCT0051,459200101,IBM Corp,Equity,Dividend,EUR,2026-07-04,5000,156.12,INTERNAL
TXN000919,ACCT0088,91282CJL6,US Treasury Note 4.25%,Fixed Income,Purchase,USD,2026-08-09,25000,6042.25,INTERNAL
TXN000920,ACCT0044,3140QY4L2,FNMA Pool,MBS,Interest,USD,2026-08-09,25000,979.14,INTERNAL
TXN000921,ACCT0093,459200101,IBM Corp,Equity,Principal Paydown,GBP,2026-07-16,500,318.15,INTERNAL
TXN000922,ACCT0094,3130AW2V1,Federal Home Loan Mortgage Corp,Fixed Income,Purchase,USD,2026-08-01,50000,16481.1,INTERNAL
TXN000923,ACCT0044,594918104,Microsoft Corp,Equity,Sale,USD,2026-08-13,100,88.17,INTERNAL
TXN000924,ACCT0029,3130AW2V1,Federal Home Loan Mortgage Corp,Fixed Income,Sale,USD,2026-07-25,100000,33094.45,INTERNAL
TXN000925,ACCT0029,3140QY4L2,FNMA Pool,MBS,Purchase,EUR,2026-07-21,100000,52340.58,INTERNAL
TXN000926,ACCT0011,3133EPH56,Federal Home Loan Bank Note,Fixed Income,Sale,USD,2026-07-23,250000,229448.37,INTERNAL
TXN000927,ACCT0037,3130AW2V1,Federal Home Loan Mortgage Corp,Fixed Income,Dividend,USD,2026-07-15,1000000,12070.81,INTERNAL
TXN000928,ACCT0065,3130AW2V1,Federal Home Loan Mortgage Corp,Fixed Income,Purchase,USD,2026-08-01,50000,13907.85,INTERNAL
TXN000929,ACCT0023,594918104,Microsoft Corp,Equity,Maturity,USD,2026-08-14,2500,452.54,INTERNAL
TXN000930,ACCT0058,91282CJL6,US Treasury Note 4.25%,Fixed Income,Interest,EUR,2026-07-22,10000,123.72,INTERNAL
TXN000931,ACCT0021,459200101,IBM Corp,Equity,Principal Paydown,USD,2026-07-14,2500,1185.13,INTERNAL
TXN000932,ACCT0080,594918104,Microsoft Corp,Equity,Maturity,EUR,2026-07-06,2500,1065.58,INTERNAL
TXN000933,ACCT0083,594918104,Microsoft Corp,Equity,Interest,USD,2026-07-26,5000,140.36,INTERNAL
TXN000934,ACCT0094,459200101,IBM Corp,Equity,Interest,USD,2026-07-27,500,16.41,INTERNAL
TXN000935,ACCT0031,3130AW2V1,Federal Home Loan Mortgage Corp,Fixed Income,Sale,USD,2026-07-21,25000,4058.82,INTERNAL
TXN000936,ACCT0012,594918104,Microsoft Corp,Equity,Principal Paydown,USD,2026-07-02,1000,146.84,INTERNAL
TXN000937,ACCT0077,037833100,Apple Inc,Equity,Interest,USD,2026-07-16,5000,18.85,INTERNAL
TXN000938,ACCT0086,594918104,Microsoft Corp,Equity,Dividend,USD,2026-07-19,500,9.61,INTERNAL
TXN000939,ACCT0080,91282CJL6,US Treasury Note 4.25%,Fixed Income,Maturity,USD,2026-07-12,500000,371051.01,INTERNAL
TXN000940,ACCT0024,594918104,Microsoft Corp,Equity,Maturity,USD,2026-07-19,500,244.55,INTERNAL
TXN000941,ACCT0035,3622A2LQ8,GNMA Pool,MBS,Maturity,USD,2026-08-04,1000000,454364.75,INTERNAL
TXN000942,ACCT0044,3130AW2V1,Federal Home Loan Mortgage Corp,Fixed Income,Interest,USD,2026-07-14,500000,9129.99,INTERNAL
TXN000943,ACCT0062,3133EPH56,Federal Home Loan Bank Note,Fixed Income,Maturity,EUR,2026-07-12,500000,126177.17,INTERNAL
TXN000944,ACCT0043,3140QY4L2,FNMA Pool,MBS,Purchase,USD,2026-07-09,10000,3529.72,INTERNAL
TXN000945,ACCT0055,3622A2LQ8,GNMA Pool,MBS,Maturity,USD,2026-07-09,25000,11420.97,INTERNAL
TXN000946,ACCT0081,459200101,IBM Corp,Equity,Purchase,USD,2026-08-01,100,34.47,INTERNAL
TXN000947,ACCT0041,91282CJL6,US Treasury Note 4.25%,Fixed Income,Purchase,USD,2026-07-19,500000,162078.21,INTERNAL
TXN000948,ACCT0076,459200101,IBM Corp,Equity,Purchase,USD,2026-08-10,5000,3806.86,INTERNAL
TXN000949,ACCT0002,037833100,Apple Inc,Equity,Maturity,USD,2026-07-29,250,53.8,INTERNAL
TXN000950,ACCT0004,3133EPH56,Federal Home Loan Bank Note,Fixed Income,Maturity,USD,2026-07-11,50000,3743.79,INTERNAL
TXN000951,ACCT0093,3622A2LQ8,GNMA Pool,MBS,Purchase,USD,2026-08-09,50000,5739.94,INTERNAL
TXN000952,ACCT0055,3133EPH56,Federal Home Loan Bank Note,Fixed Income,Interest,USD,2026-07-10,50000,1855.84,INTERNAL
TXN000953,ACCT0051,037833100,Apple Inc,Equity,Dividend,EUR,2026-08-08,100,2.11,INTERNAL
TXN000954,ACCT0066,594918104,Microsoft Corp,Equity,Purchase,USD,2026-07-25,500,139.7,INTERNAL
TXN000955,ACCT0040,037833100,Apple Inc,Equity,Principal Paydown,USD,2026-07-12,2500,1644.2,INTERNAL
TXN000956,ACCT0049,91282CJL6,US Treasury Note 4.25%,Fixed Income,Maturity,USD,2026-07-01,1000000,78348.46,INTERNAL
TXN000957,ACCT0031,3140QY4L2,FNMA Pool,MBS,Sale,GBP,2026-07-25,25000,16732.26,INTERNAL
TXN000958,ACCT0032,459200101,IBM Corp,Equity,Dividend,USD,2026-07-08,1000,34.98,INTERNAL
TXN000959,ACCT0076,3130AW2V1,Federal Home Loan Mortgage Corp,Fixed Income,Interest,GBP,2026-07-31,10000,26.39,INTERNAL
TXN000960,ACCT0019,3130AW2V1,Federal Home Loan Mortgage Corp,Fixed Income,Purchase,USD,2026-08-14,50000,9336.03,INTERNAL
TXN000961,ACCT0005,037833100,Apple Inc,Equity,Dividend,USD,2026-07-20,2500,24.83,INTERNAL
TXN000962,ACCT0073,3140QY4L2,FNMA Pool,MBS,Sale,USD,2026-08-02,1000000,417955.58,INTERNAL
TXN000963,ACCT0069,3622A2LQ8,GNMA Pool,MBS,Maturity,USD,2026-07-10,250000,132205.08,INTERNAL
TXN000964,ACCT0073,3140QY4L2,FNMA Pool,MBS,Dividend,USD,2026-07-20,250000,2745.55,INTERNAL
TXN000965,ACCT0067,3622A2LQ8,GNMA Pool,MBS,Dividend,USD,2026-07-22,100000,1243.66,INTERNAL
TXN000966,ACCT0042,459200101,IBM Corp,Equity,Maturity,USD,2026-08-13,500,92.07,INTERNAL
TXN000967,ACCT0075,594918104,Microsoft Corp,Equity,Dividend,USD,2026-07-28,1000,27.93,INTERNAL
TXN000968,ACCT0013,037833100,Apple Inc,Equity,Sale,USD,2026-08-06,100,1.29,INTERNAL
TXN000969,ACCT0028,91282CJL6,US Treasury Note 4.25%,Fixed Income,Dividend,USD,2026-07-20,100000,1830.49,INTERNAL
TXN000970,ACCT0014,3140QY4L2,FNMA Pool,MBS,Purchase,USD,2026-07-20,10000,6697.22,INTERNAL
TXN000971,ACCT0032,91282CJL6,US Treasury Note 4.25%,Fixed Income,Principal Paydown,USD,2026-08-02,50000,41104.33,INTERNAL
TXN000972,ACCT0003,3133EPH56,Federal Home Loan Bank Note,Fixed Income,Interest,USD,2026-07-28,1000000,25948.95,INTERNAL
TXN000973,ACCT0078,594918104,Microsoft Corp,Equity,Purchase,USD,2026-08-12,5000,1391.63,INTERNAL
TXN000974,ACCT0064,459200101,IBM Corp,Equity,Interest,USD,2026-08-11,250,4.7,INTERNAL
TXN000975,ACCT0071,3622A2LQ8,GNMA Pool,MBS,Principal Paydown,USD,2026-08-01,100000,59699.16,INTERNAL
TXN000976,ACCT0039,3622A2LQ8,GNMA Pool,MBS,Sale,USD,2026-07-15,25000,17366.97,INTERNAL
TXN000977,ACCT0071,3622A2LQ8,GNMA Pool,MBS,Interest,USD,2026-07-27,1000000,14931.42,INTERNAL
TXN000978,ACCT0065,594918104,Microsoft Corp,Equity,Sale,USD,2026-08-01,100,40.29,INTERNAL
TXN000979,ACCT0021,459200101,IBM Corp,Equity,Dividend,USD,2026-07-20,500,14.15,INTERNAL
TXN000980,ACCT0050,3140QY4L2,FNMA Pool,MBS,Dividend,USD,2026-08-02,100000,3211.1,INTERNAL
TXN000981,ACCT0058,459200101,IBM Corp,Equity,Principal Paydown,USD,2026-08-14,5000,3624.75,INTERNAL
TXN000982,ACCT0022,3622A2LQ8,GNMA Pool,MBS,Interest,USD,2026-07-31,25000,164.55,INTERNAL
TXN000983,ACCT0075,3140QY4L2,FNMA Pool,MBS,Dividend,USD,2026-07-17,1000000,32966.29,INTERNAL
TXN000984,ACCT0073,3622A2LQ8,GNMA Pool,MBS,Dividend,USD,2026-07-19,10000,81.16,INTERNAL
TXN000985,ACCT0022,3130AW2V1,Federal Home Loan Mortgage Corp,Fixed Income,Purchase,USD,2026-08-08,100000,34949.77,INTERNAL
TXN000986,ACCT0087,3130AW2V1,Federal Home Loan Mortgage Corp,Fixed Income,Sale,USD,2026-07-13,50000,38667.77,INTERNAL
TXN000987,ACCT0079,037833100,Apple Inc,Equity,Principal Paydown,USD,2026-07-29,500,79.25,INTERNAL
TXN000988,ACCT0006,3130AW2V1,Federal Home Loan Mortgage Corp,Fixed Income,Dividend,USD,2026-07-18,250000,8654.26,INTERNAL
TXN000989,ACCT0079,037833100,Apple Inc,Equity,Dividend,USD,2026-07-22,1000,24.62,INTERNAL
TXN000990,ACCT0024,037833100,Apple Inc,Equity,Sale,GBP,2026-07-28,250,189.29,INTERNAL
TXN000991,ACCT0025,037833100,Apple Inc,Equity,Principal Paydown,USD,2026-07-24,250,219.03,INTERNAL
TXN000992,ACCT0049,037833100,Apple Inc,Equity,Sale,USD,2026-07-03,100,16.39,INTERNAL
TXN000993,ACCT0002,3133EPH56,Federal Home Loan Bank Note,Fixed Income,Principal Paydown,USD,2026-07-01,50000,18955.88,INTERNAL
TXN000994,ACCT0008,3130AW2V1,Federal Home Loan Mortgage Corp,Fixed Income,Purchase,USD,2026-08-06,250000,159983.74,INTERNAL
TXN000995,ACCT0021,037833100,Apple Inc,Equity,Dividend,USD,2026-07-24,1000,19.67,INTERNAL
TXN000996,ACCT0080,3130AW2V1,Federal Home Loan Mortgage Corp,Fixed Income,Dividend,USD,2026-08-10,10000,138.08,INTERNAL
TXN000997,ACCT0019,3133EPH56,Federal Home Loan Bank Note,Fixed Income,Principal Paydown,EUR,2026-07-25,50000,32325.08,INTERNAL
TXN000998,ACCT0049,3130AW2V1,Federal Home Loan Mortgage Corp,Fixed Income,Interest,USD,2026-07-01,100000,2874.33,INTERNAL
TXN000999,ACCT0048,3130AW2V1,Federal Home Loan Mortgage Corp,Fixed Income,Principal Paydown,USD,2026-08-13,25000,4335.52,INTERNAL
TXN001000,ACCT0027,3622A2LQ8,GNMA Pool,MBS,Purchase,USD,2026-07-10,50000,33843.02,INTERNAL
